Pagina,Nome,Versao,Ano,Quilometragem,Cidade,Preco
1,TOYOTA COROLLA,1.8 vvt-i hybrid flex altis p...,2026/2026,0 Km,São Paulo (SP),R$ 209.010
1,TOYOTA COROLLA,2.0 vvt-ie flex xei direct shift,2023/2023,54.410 Km,Mauá (SP),R$ 136.990
1,TOYOTA COROLLA,2.0 vvt-ie flex xei direct shift,2022/2023,64.393 Km,Mauá (SP),R$ 135.190
1,TOYOTA COROLLA,1.8 vvt-i hybrid flex altis p...,2026/2026,0 Km,São Paulo (SP),R$ 206.120
1,TOYOTA COROLLA,2.0 vvt-ie flex gli direct shift,2024/2024,14.358 Km,Bauru (SP),R$ 133.600
1,TOYOTA COROLLA,1.8 gli 16v flex 4p automático,2015/2016,62.428 Km,São Paulo (SP),R$ 89.990
1,TOYOTA COROLLA,2.0 vvt-ie flex xei direct shift,2022/2023,39.909 Km,Suzano (SP),R$ 136.790
1,TOYOTA COROLLA,2.0 vvt-ie flex xei direct shift,2022/2023,575 Km,São Paulo (SP),R$ 132.590
1,TOYOTA COROLLA,2.0 xei 16v flex 4p automático,2013/2014,38.000 Km,São Paulo (SP),R$ 84.900
1,TOYOTA COROLLA,1.8 vvt-i hybrid flex altis cvt,2022/2023,69.613 Km,Jundiaí (SP),R$ 149.900
1,TOYOTA COROLLA,1.8 vvt-i hybrid flex altis p...,2025/2025,9.000 Km,Vinhedo (SP),R$ 188.900
1,TOYOTA COROLLA,2.0 vvt-ie flex altis direct ...,2022/2023,47.858 Km,Jundiaí (SP),R$ 149.890
1,TOYOTA COROLLA,1.8 vvt-i hybrid flex altis cvt,2022/2023,8.402 Km,São Paulo (SP),R$ 165.590
1,TOYOTA COROLLA,2.0 altis 16v flex 4p automático,2014/2015,133.000 Km,Barueri (SP),R$ 90.990
1,TOYOTA COROLLA,1.8 vvt-i hybrid flex altis p...,2021/2022,61.293 Km,Barueri (SP),R$ 138.900
1,TOYOTA COROLLA,2.0 vvt-ie flex gr-s direct s...,2023/2023,27.000 Km,São Paulo (SP),R$ 194.890
1,TOYOTA COROLLA,2.0 vvt-ie flex xei direct shift,2025/2025,14.000 Km,São Paulo (SP),R$ 229.890
1,TOYOTA COROLLA,2.0 vvt-ie flex altis direct ...,2020/2021,78.000 Km,São Paulo (SP),R$ 139.890
1,TOYOTA COROLLA,2.0 vvt-ie flex altis direct ...,2022/2023,34.000 Km,São Paulo (SP),R$ 194.890
1,TOYOTA COROLLA,2.0 vvt-ie flex xei direct shift,2021/2022,44.659 Km,São Paulo (SP),R$ 156.890
1,TOYOTA COROLLA,2.0 vvt-ie flex xei direct shift,2022/2023,88.996 Km,São Paulo (SP),R$ 129.900
1,TOYOTA COROLLA,1.8 vvt-i hybrid flex altis p...,2022/2023,66.000 Km,São Paulo (SP),R$ 195.890
1,TOYOTA COROLLA,2.0 vvt-ie flex xei direct shift,2020/2021,77.000 Km,São Paulo (SP),R$ 139.890
1,TOYOTA COROLLA,2.0 vvt-ie flex altis direct ...,2022/2023,75.115 Km,São Paulo (SP),R$ 149.990
1,TOYOTA COROLLA,2.0 vvt-ie flex altis direct shift,2022/2023,47.858 Km,Jundiaí (SP),R$ 149.890
1,TOYOTA COROLLA,2.0 vvt-ie flex xei direct shift,2019/2020,53.491 Km,São Paulo (SP),R$ 149.890
1,TOYOTA COROLLA,2.0 vvt-ie flex gli direct shift,2025/2025,14.319 Km,São Paulo (SP),R$ 148.900
1,TOYOTA COROLLA,2.0 vvt-ie flex gli direct shift,2025/2025,10.000 Km,São Paulo (SP),R$ 149.990
1,TOYOTA COROLLA,2.0 vvt-ie flex altis direct ...,2019/2020,77.000 Km,São Paulo (SP),R$ 149.990
1,TOYOTA COROLLA,2.0 altis 16v flex 4p automático,2017/2018,129.000 Km,Sorocaba (SP),R$ 103.990
1,TOYOTA COROLLA,2.0 vvt-ie flex altis direct ...,2023/2023,49.000 Km,São Paulo (SP),R$ 199.900
1,TOYOTA COROLLA,2.0 vvt-ie flex altis premium...,2025/2025,20.000 Km,São Paulo (SP),R$ 185.890
1,TOYOTA COROLLA,2.0 vvt-ie flex gr-s direct shift,2023/2023,27.000 Km,São Paulo (SP),R$ 194.890
1,TOYOTA COROLLA,2.0 vvt-ie flex altis direct shift,2020/2021,78.000 Km,São Paulo (SP),R$ 139.890
1,TOYOTA COROLLA,2.0 vvt-ie flex altis direct shift,2022/2023,34.000 Km,São Paulo (SP),R$ 194.890
1,TOYOTA COROLLA,1.8 vvt-i hybrid flex altis premium cvt,2026/2026,0 Km,São Paulo (SP),R$ 209.010
1,TOYOTA COROLLA,2.0 vvt-ie flex altis direct shift,2022/2023,75.115 Km,São Paulo (SP),R$ 149.990
1,TOYOTA COROLLA,1.8 vvt-i hybrid flex altis premium cvt,2026/2026,0 Km,São Paulo (SP),R$ 206.120
1,TOYOTA COROLLA,2.0 vvt-ie flex altis direct shift,2019/2020,77.000 Km,São Paulo (SP),R$ 149.990
1,TOYOTA COROLLA,2.0 vvt-ie flex altis direct shift,2023/2023,49.000 Km,São Paulo (SP),R$ 199.900
1,TOYOTA COROLLA,2.0 vvt-ie flex gr-s direct s...,2025/2025,5.300 Km,Ribeirão Preto (SP),R$ 182.999
1,TOYOTA COROLLA,1.8 vvt-i hybrid flex altis premium cvt,2025/2025,9.000 Km,Vinhedo (SP),R$ 188.900
1,TOYOTA COROLLA,2.0 vvt-ie flex xei direct shift,2022/2023,57.179 Km,Ribeirão Preto (SP),R$ 129.590
1,TOYOTA COROLLA,1.8 vvt-i hybrid flex altis premium cvt,2021/2022,61.293 Km,Barueri (SP),R$ 138.900
1,TOYOTA COROLLA,2.0 vvt-ie flex gr-s direct shift,2025/2025,5.300 Km,Ribeirão Preto (SP),R$ 182.999
1,TOYOTA COROLLA,1.8 vvt-i hybrid flex altis premium cvt,2022/2023,66.000 Km,São Paulo (SP),R$ 195.890
1,TOYOTA COROLLA,1.8 gli upper 16v flex 4p aut...,2015/2016,99.000 Km,São José dos Campos (SP),R$ 79.000
1,TOYOTA COROLLA,2.0 vvt-ie flex altis premium direct shift,2025/2025,20.000 Km,São Paulo (SP),R$ 185.890
1,TOYOTA COROLLA,2.0 altis 16v flex 4p automático,2015/2016,110.000 Km,São José dos Campos (SP),R$ 87.990
1,TOYOTA COROLLA,2.0 vvt-ie flex xei direct shift,2024/2024,18.106 Km,São Bernardo do Campo (SP),R$ 148.889
1,TOYOTA COROLLA,1.8 vvt-i hybrid flex altis cvt,2019/2020,116.776 Km,Barueri (SP),R$ 119.900
1,TOYOTA COROLLA,2.0 xei 16v flex 4p automático,2017/2018,102.000 Km,São Paulo (SP),R$ 95.900
1,TOYOTA COROLLA,1.8 gli upper 16v flex 4p automático,2015/2016,99.000 Km,São José dos Campos (SP),R$ 79.000
1,TOYOTA COROLLA,2.0 vvt-ie flex altis direct ...,2024/2024,31.200 Km,São Paulo (SP),R$ 159.890
1,TOYOTA COROLLA,1.8 vvt-i hybrid flex altis p...,2023/2024,79.813 Km,São Paulo (SP),R$ 164.790
1,TOYOTA COROLLA,2.0 vvt-ie flex gli direct shift,2025/2025,18.000 Km,Piracicaba (SP),R$ 139.900
1,TOYOTA COROLLA,2.0 vvt-ie flex altis direct shift,2024/2024,31.200 Km,São Paulo (SP),R$ 159.890
1,TOYOTA COROLLA,1.8 vvt-i hybrid flex altis premium cvt,2023/2024,79.813 Km,São Paulo (SP),R$ 164.790
1,TOYOTA COROLLA,2.0 vvt-ie flex xei direct shift,2022/2023,109.518 Km,São José dos Campos (SP),R$ 126.900
1,TOYOTA COROLLA,2.0 vvt-ie flex xei direct shift,2020/2021,101.000 Km,São José dos Campos (SP),R$ 117.890
2,TOYOTA COROLLA,2.0 vvt-ie flex xei direct shift,2020/2021,22.599 Km,Mauá (SP),R$ 158.900
2,TOYOTA COROLLA,2.0 xrs 16v flex 4p automático,2018/2019,85.000 Km,Limeira (SP),R$ 102.880
2,TOYOTA COROLLA,2.0 xei 16v flex 4p automático,2017/2018,99.000 Km,Barueri (SP),R$ 109.900
2,TOYOTA COROLLA,1.8 vvt-i hybrid flex altis cvt,2019/2020,147.065 Km,Matão (SP),R$ 126.000
2,TOYOTA COROLLA,2.0 vvt-ie flex xei direct shift,2022/2023,36.174 Km,Bauru (SP),R$ 139.990
2,TOYOTA COROLLA,2.0 vvt-ie flex gr-s direct s...,2023/2024,80.700 Km,Salto (SP),R$ 161.900
2,TOYOTA COROLLA,2.0 xei 16v flex 4p automático,2015/2016,139.000 Km,Sorocaba (SP),R$ 84.900
2,TOYOTA COROLLA,1.8 gli 16v flex 4p automático,2016/2017,53.300 Km,São Paulo (SP),R$ 89.300
2,TOYOTA COROLLA,2.0 vvt-ie flex gr-s direct shift,2023/2024,80.700 Km,Salto (SP),R$ 161.900
2,TOYOTA COROLLA,2.0 xei 16v flex 4p automático,2016/2017,59.400 Km,São Paulo (SP),R$ 100.000
2,TOYOTA COROLLA,2.0 xei 16v flex 4p automático,2010/2011,193.000 Km,São Paulo (SP),R$ 61.000
2,TOYOTA COROLLA,2.0 vvt-ie flex xei direct shift,2022/2023,83.166 Km,Limeira (SP),R$ 131.190
2,TOYOTA COROLLA,2.0 vvt-ie flex xei direct shift,2022/2023,88.632 Km,Limeira (SP),R$ 131.090
2,TOYOTA COROLLA,2.0 vvt-ie flex xei direct shift,2022/2022,54.946 Km,Campinas (SP),R$ 126.490
2,TOYOTA COROLLA,2.0 xei 16v flex 4p automático,2014/2015,147.000 Km,Indaiatuba (SP),R$ 85.900
2,TOYOTA COROLLA,2.0 vvt-ie flex gli direct shift,2023/2023,47.068 Km,Campinas (SP),R$ 122.690
2,TOYOTA COROLLA,2.0 vvt-ie flex xei direct shift,2023/2023,51.000 Km,Sorocaba (SP),R$ 131.500
2,TOYOTA COROLLA,2.0 vvt-ie flex xei direct shift,2022/2023,55.713 Km,Campinas (SP),R$ 136.990
2,TOYOTA COROLLA,2.0 vvt-ie flex xei direct shift,2022/2022,81.995 Km,Campinas (SP),R$ 123.900
2,TOYOTA COROLLA,2.0 vvt-ie flex xei direct shift,2023/2023,73.240 Km,Campinas (SP),R$ 159.900
2,TOYOTA COROLLA,2.0 vvt-ie flex xei direct shift,2023/2023,81.324 Km,Campinas (SP),R$ 131.890
2,TOYOTA COROLLA,1.8 vvt-i hybrid flex altis p...,2020/2021,93.000 Km,São Paulo (SP),R$ 130.000
2,TOYOTA COROLLA,2.0 vvt-ie flex xei direct shift,2022/2023,41.000 Km,Catanduva (SP),R$ 135.900
2,TOYOTA COROLLA,2.0 vvt-ie flex xei direct shift,2021/2022,57.816 Km,São Paulo (SP),R$ 131.190
2,TOYOTA COROLLA,2.0 vvt-ie flex xei direct shift,2022/2023,24.460 Km,São Paulo (SP),R$ 143.590
2,TOYOTA COROLLA,2.0 vvt-ie flex xei direct shift,2023/2023,12.000 Km,Mogi Mirim (SP),R$ 147.290
2,TOYOTA COROLLA,2.0 vvt-ie flex altis direct ...,2022/2023,71.420 Km,Piracicaba (SP),R$ 145.900
2,TOYOTA COROLLA,2.0 vvt-ie flex xei direct shift,2022/2023,52.864 Km,São Carlos (SP),R$ 137.290
2,TOYOTA COROLLA,2.0 vvt-ie flex xei direct shift,2022/2023,52.277 Km,Santo André (SP),R$ 134.990
2,TOYOTA COROLLA,2.0 vvt-ie flex altis direct shift,2022/2023,71.420 Km,Piracicaba (SP),R$ 145.900
2,TOYOTA COROLLA,1.8 vvt-i hybrid flex altis p...,2023/2023,60.300 Km,Mogi das Cruzes (SP),R$ 145.990
2,TOYOTA COROLLA,1.8 vvt-i hybrid flex altis premium cvt,2020/2021,93.000 Km,São Paulo (SP),R$ 130.000
2,TOYOTA COROLLA,2.0 vvt-ie flex xei direct shift,2022/2023,72.537 Km,São José dos Campos (SP),R$ 131.900
2,TOYOTA COROLLA,2.0 xei 16v flex 4p automático,2014/2015,130.476 Km,São Bernardo do Campo (SP),R$ 82.900
2,TOYOTA COROLLA,1.8 vvt-i hybrid flex altis p...,2023/2024,39.000 Km,São José dos Campos (SP),R$ 168.900
2,TOYOTA COROLLA,2.0 vvt-ie flex xei direct shift,2024/2024,83.885 Km,Mauá (SP),R$ 135.390
2,TOYOTA COROLLA,2.0 xei 16v flex 4p automático,2014/2015,118.000 Km,São José do Rio Preto (SP),R$ 85.900
2,TOYOTA COROLLA,1.8 se-g 16v flex 4p automático,2009/2010,221.164 Km,São Bernardo do Campo (SP),R$ 58.900
2,TOYOTA COROLLA,1.8 vvt-i hybrid flex altis premium cvt,2023/2023,60.300 Km,Mogi das Cruzes (SP),R$ 145.990
2,TOYOTA COROLLA,2.0 vvt-ie flex gli direct shift,2021/2022,88.236 Km,São Paulo (SP),R$ 109.790
2,TOYOTA COROLLA,2.0 vvt-ie flex gr-s direct s...,2021/2022,44.000 Km,São Paulo (SP),R$ 128.000
2,TOYOTA COROLLA,2.0 vvt-ie flex xei direct shift,2024/2024,49.000 Km,São Paulo (SP),R$ 139.800
2,TOYOTA COROLLA,2.0 vvt-ie flex gli direct shift,2021/2022,79.000 Km,São Paulo (SP),R$ 111.900
2,TOYOTA COROLLA,1.8 vvt-i hybrid flex altis p...,2023/2024,42.000 Km,Americana (SP),R$ 164.990
2,TOYOTA COROLLA,2.0 vvt-ie flex gr-s direct shift,2021/2022,44.000 Km,São Paulo (SP),R$ 128.000
2,TOYOTA COROLLA,1.8 vvt-i hybrid flex altis premium cvt,2023/2024,39.000 Km,São José dos Campos (SP),R$ 168.900
2,TOYOTA COROLLA,1.8 vvt-i hybrid flex altis premium cvt,2023/2024,42.000 Km,Americana (SP),R$ 164.990
3,TOYOTA COROLLA,2.0 xei 16v flex 4p automático,2012/2013,126.850 Km,Sumaré (SP),R$ 68.900
3,TOYOTA COROLLA,1.8 gli 16v flex 4p automático,2015/2016,139.100 Km,Osasco (SP),R$ 77.900
3,TOYOTA COROLLA,2.0 xei 16v flex 4p automático,2012/2013,101.000 Km,Suzano (SP),R$ 70.900
3,TOYOTA COROLLA,2.0 xei 16v flex 4p automático,2016/2017,67.900 Km,Franca (SP),R$ 119.000
3,TOYOTA COROLLA,2.0 vvt-ie flex xei direct shift,2025/2025,6.500 Km,Osasco (SP),R$ 159.900
3,TOYOTA COROLLA,1.8 vvt-i hybrid flex altis p...,2019/2020,74.000 Km,Franca (SP),R$ 134.900
3,TOYOTA COROLLA,2.0 vvt-ie flex gli direct shift,2021/2022,49.257 Km,Araras (SP),R$ 117.000
3,TOYOTA COROLLA,2.0 vvt-ie flex xei direct shift,2025/2025,2.000 Km,Jundiaí (SP),R$ 169.900
3,TOYOTA COROLLA,1.8 gli 16v flex 4p automático,2018/2018,87.700 Km,São Paulo (SP),R$ 87.900
3,TOYOTA COROLLA,1.8 gli 16v flex 4p automático,2015/2016,69.000 Km,São Paulo (SP),R$ 81.000
3,TOYOTA COROLLA,2.0 xei 16v flex 4p automático,2018/2018,105.544 Km,Jundiaí (SP),R$ 102.990
3,TOYOTA COROLLA,1.8 gli upper 16v flex 4p aut...,2019/2019,101.000 Km,Atibaia (SP),R$ 94.990
3,TOYOTA COROLLA,2.0 vvt-ie flex altis direct ...,2024/2024,15.600 Km,Barueri (SP),R$ 169.900
3,TOYOTA COROLLA,2.0 xei 16v flex 4p automático,2014/2015,121.000 Km,São Paulo (SP),R$ 82.000
3,TOYOTA COROLLA,2.0 vvt-ie flex xei direct shift,2023/2024,31.534 Km,Jundiaí (SP),R$ 149.990
3,TOYOTA COROLLA,1.8 xei 16v flex 4p automático,2008/2009,167.000 Km,Guarulhos (SP),R$ 53.900
3,TOYOTA COROLLA,2.0 vvt-ie flex xei direct shift,2024/2024,25.000 Km,Campinas (SP),R$ 144.000
3,TOYOTA COROLLA,1.8 se-g 16v flex 4p automático,2009/2010,190.000 Km,São Paulo (SP),R$ 59.900
3,TOYOTA COROLLA,2.0 vvt-ie flex xei direct shift,2023/2024,19.000 Km,Valinhos (SP),R$ 144.900
3,TOYOTA COROLLA,2.0 vvt-ie flex gr-s direct s...,2023/2024,26.000 Km,Campinas (SP),R$ 162.990
3,TOYOTA COROLLA,2.0 vvt-ie flex altis direct ...,2021/2022,79.000 Km,São Paulo (SP),R$ 139.900
3,TOYOTA COROLLA,2.0 vvt-ie flex xei direct shift,2020/2021,55.000 Km,São Paulo (SP),R$ 179.000
3,TOYOTA COROLLA,2.0 vvt-ie flex xei direct shift,2021/2022,34.271 Km,São Paulo (SP),R$ 124.900
3,TOYOTA COROLLA,2.0 vvt-ie flex gr-s direct s...,2021/2022,58.000 Km,São Paulo (SP),R$ 135.990
3,TOYOTA COROLLA,2.0 vvt-ie flex altis direct shift,2024/2024,15.600 Km,Barueri (SP),R$ 169.900
3,TOYOTA COROLLA,2.0 vvt-ie flex gr-s direct shift,2023/2024,26.000 Km,Campinas (SP),R$ 162.990
3,TOYOTA COROLLA,2.0 vvt-ie flex xei direct shift,2024/2025,12.852 Km,São Paulo (SP),R$ 163.800
3,TOYOTA COROLLA,2.0 xei 16v flex 4p automático,2010/2011,199.000 Km,Santo André (SP),R$ 59.500
3,TOYOTA COROLLA,1.8 vvt-i hybrid flex altis p...,2021/2022,69.127 Km,Guarulhos (SP),R$ 143.990
3,TOYOTA COROLLA,2.0 vvt-ie flex gr-s direct shift,2021/2022,58.000 Km,São Paulo (SP),R$ 135.990
3,TOYOTA COROLLA,2.0 vvt-ie flex xei direct shift,2022/2023,34.000 Km,Araraquara (SP),R$ 134.900
3,TOYOTA COROLLA,1.8 gli upper 16v flex 4p automático,2019/2019,101.000 Km,Atibaia (SP),R$ 94.990
3,TOYOTA COROLLA,2.0 vvt-ie flex altis direct shift,2021/2022,79.000 Km,São Paulo (SP),R$ 139.900
3,TOYOTA COROLLA,2.0 vvt-ie flex xei direct shift,2025/2025,9.000 Km,Guaratinguetá (SP),R$ 163.890
3,TOYOTA COROLLA,1.8 vvt-i hybrid flex altis premium cvt,2019/2020,74.000 Km,Franca (SP),R$ 134.900
3,TOYOTA COROLLA,2.0 vvt-ie flex xei direct shift,2024/2024,22.000 Km,Guaratinguetá (SP),R$ 147.990
3,TOYOTA COROLLA,2.0 xei 16v flex 4p automático,2016/2017,107.000 Km,Campos do Jordão (SP),R$ 92.000
3,TOYOTA COROLLA,1.8 gli upper 16v flex 4p aut...,2015/2016,147.000 Km,Ribeirão Preto (SP),R$ 82.900
3,TOYOTA COROLLA,1.8 gli 16v flex 4p manual,2010/2011,240.358 Km,São Bernardo do Campo (SP),R$ 59.990
3,TOYOTA COROLLA,2.0 xei 16v flex 4p automático,2013/2013,139.300 Km,São Caetano do Sul (SP),R$ 67.900
3,TOYOTA COROLLA,1.8 vvt-i hybrid flex altis premium cvt,2021/2022,69.127 Km,Guarulhos (SP),R$ 143.990
3,TOYOTA COROLLA,2.0 vvt-ie flex xei direct shift,2020/2020,68.070 Km,Bragança Paulista (SP),R$ 119.990
3,TOYOTA COROLLA,2.0 xei 16v flex 4p automático,2018/2019,86.000 Km,São José dos Campos (SP),R$ 107.900
3,TOYOTA COROLLA,1.8 gli upper 16v flex 4p automático,2015/2016,147.000 Km,Ribeirão Preto (SP),R$ 82.900
3,TOYOTA COROLLA,2.0 xrs 16v flex 4p automático,2018/2019,85.000 Km,Atibaia (SP),R$ 96.400
3,TOYOTA COROLLA,1.8 vvt-i hybrid flex altis p...,2023/2024,19.438 Km,São José dos Campos (SP),R$ 167.900
3,TOYOTA COROLLA,2.0 xrs 16v flex 4p automático,2017/2018,122.800 Km,São José do Rio Preto (SP),R$ 103.900
3,TOYOTA COROLLA,2.0 xei 16v flex 4p automático,2018/2019,129.200 Km,Sorocaba (SP),R$ 99.305
3,TOYOTA COROLLA,2.0 vvt-ie flex xei direct shift,2020/2021,65.153 Km,São Bernardo do Campo (SP),R$ 120.000
3,TOYOTA COROLLA,1.8 gli 16v flex 4p automático,2016/2017,177.000 Km,Sorocaba (SP),R$ 80.000
3,TOYOTA COROLLA,2.0 vvt-ie flex altis premium...,2025/2025,21.859 Km,Barueri (SP),R$ 192.950
3,TOYOTA COROLLA,2.0 vvt-ie flex xei direct shift,2021/2022,88.280 Km,Campinas (SP),R$ 119.990
3,TOYOTA COROLLA,2.0 vvt-ie flex xei direct shift,2023/2024,52.101 Km,Araraquara (SP),R$ 137.890
3,TOYOTA COROLLA,1.8 vvt-i hybrid flex altis premium cvt,2023/2024,19.438 Km,São José dos Campos (SP),R$ 167.900
3,TOYOTA COROLLA,2.0 vvt-ie flex altis premium direct shift,2025/2025,21.859 Km,Barueri (SP),R$ 192.950
4,TOYOTA COROLLA,1.8 gli 16v flex 4p automático,2016/2016,91.000 Km,Osasco (SP),R$ 82.900
4,TOYOTA COROLLA,1.8 gli 16v flex 4p automático,2014/2015,108.658 Km,Avaré (SP),R$ 79.990
4,TOYOTA COROLLA,1.8 gli 16v flex 4p automático,2016/2017,103.000 Km,Avaré (SP),R$ 85.900
4,TOYOTA COROLLA,1.8 xei 16v flex 4p automático,2009/2010,168.000 Km,Santos (SP),R$ 57.890
4,TOYOTA COROLLA,2.0 vvt-ie flex xei direct shift,2026/2026,0 Km,São Paulo (SP),R$ 169.890
4,TOYOTA COROLLA,2.0 xrs 16v flex 4p automático,2012/2013,179.000 Km,Barueri (SP),R$ 71.000
4,TOYOTA COROLLA,2.0 vvt-ie flex xei direct shift,2025/2025,17.832 Km,Bauru (SP),R$ 166.900
4,TOYOTA COROLLA,2.0 vvt-ie flex xei direct shift,2020/2021,93.000 Km,Franca (SP),R$ 124.900
4,TOYOTA COROLLA,2.0 vvt-ie flex xei direct shift,2020/2021,57.000 Km,Santos (SP),R$ 128.790
4,TOYOTA COROLLA,2.0 vvt-ie flex xei direct shift,2022/2023,71.000 Km,Franca (SP),R$ 131.900
4,TOYOTA COROLLA,1.8 vvt-i hybrid flex altis cvt,2020/2020,84.647 Km,Campinas (SP),R$ 126.990
4,TOYOTA COROLLA,2.0 vvt-ie flex xei direct shift,2024/2024,28.699 Km,Jundiaí (SP),R$ 144.690
4,TOYOTA COROLLA,2.0 xei 16v flex 4p automático,2017/2018,128.000 Km,São Paulo (SP),R$ 102.075
4,TOYOTA COROLLA,2.0 vvt-ie flex gli direct shift,2024/2024,36.971 Km,Sorocaba (SP),R$ 127.900
4,TOYOTA COROLLA,1.8 vvt-i hybrid flex altis cvt,2023/2024,48.343 Km,São Paulo (SP),R$ 164.900
4,TOYOTA COROLLA,2.0 vvt-ie flex altis premium...,2025/2025,1.558 Km,São Paulo (SP),R$ 275.000
4,TOYOTA COROLLA,2.0 vvt-ie flex xei direct shift,2019/2020,60.726 Km,Sorocaba (SP),R$ 127.900
4,TOYOTA COROLLA,2.0 vvt-ie flex altis direct ...,2020/2021,87.733 Km,Americana (SP),R$ 133.900
4,TOYOTA COROLLA,1.8 gli 16v flex 4p automático,2017/2017,123.589 Km,Santo André (SP),R$ 88.790
4,TOYOTA COROLLA,2.0 vvt-ie flex gli direct shift,2024/2024,44.214 Km,São Paulo (SP),R$ 125.880
4,TOYOTA COROLLA,2.0 vvt-ie flex xei direct shift,2022/2023,55.357 Km,São Paulo (SP),R$ 164.900
4,TOYOTA COROLLA,1.8 gli 16v flex 4p automático,2017/2017,109.060 Km,Santo André (SP),R$ 88.790
4,TOYOTA COROLLA,1.8 vvt-i hybrid flex altis p...,2025/2025,22.912 Km,São Paulo (SP),R$ 184.890
4,TOYOTA COROLLA,1.8 vvt-i hybrid flex altis p...,2023/2023,68.522 Km,São Paulo (SP),R$ 151.990
4,TOYOTA COROLLA,2.0 vvt-ie flex xei direct shift,2021/2022,57.484 Km,São Paulo (SP),R$ 132.000
4,TOYOTA COROLLA,2.0 vvt-ie flex xei direct shift,2022/2023,40.640 Km,São Paulo (SP),R$ 138.290
4,TOYOTA COROLLA,2.0 vvt-ie flex altis direct shift,2020/2021,87.733 Km,Americana (SP),R$ 133.900
4,TOYOTA COROLLA,2.0 vvt-ie flex xei direct shift,2023/2024,29.000 Km,Santo André (SP),R$ 197.900
4,TOYOTA COROLLA,1.8 gli upper 16v flex 4p aut...,2019/2019,107.346 Km,Santo André (SP),R$ 98.790
4,TOYOTA COROLLA,2.0 vvt-ie flex xei direct shift,2022/2023,57.000 Km,Santo André (SP),R$ 138.900
4,TOYOTA COROLLA,2.0 vvt-ie flex xei direct shift,2021/2022,44.333 Km,Carapicuíba (SP),R$ 130.000
4,TOYOTA COROLLA,1.8 vvt-i hybrid flex altis p...,2025/2026,0 Km,Bragança Paulista (SP),R$ 202.320
4,TOYOTA COROLLA,2.0 vvt-ie flex xei direct shift,2025/2025,0 Km,Bragança Paulista (SP),R$ 253.490
4,TOYOTA COROLLA,2.0 vvt-ie flex xei direct shift,2023/2024,52.000 Km,Embu das Artes (SP),R$ 149.990
4,TOYOTA COROLLA,2.0 vvt-ie flex xei direct shift,2022/2023,45.915 Km,Ribeirão Preto (SP),R$ 130.000
4,TOYOTA COROLLA,1.8 gli upper 16v flex 4p automático,2019/2019,107.346 Km,Santo André (SP),R$ 98.790
4,TOYOTA COROLLA,1.8 vvt-i hybrid flex altis premium cvt,2025/2025,22.912 Km,São Paulo (SP),R$ 184.890
4,TOYOTA COROLLA,1.8 vvt-i hybrid flex altis premium cvt,2023/2023,68.522 Km,São Paulo (SP),R$ 151.990
4,TOYOTA COROLLA,2.0 vvt-ie flex altis premium direct shift,2025/2025,1.558 Km,São Paulo (SP),R$ 275.000
4,TOYOTA COROLLA,2.0 vvt-ie flex gli direct shift,2019/2020,79.000 Km,São José dos Campos (SP),R$ 116.900
4,TOYOTA COROLLA,1.8 vvt-i hybrid flex altis premium cvt,2025/2026,0 Km,Bragança Paulista (SP),R$ 202.320
4,TOYOTA COROLLA,2.0 xei 16v flex 4p automático,2018/2019,116.220 Km,Diadema (SP),R$ 99.850
4,TOYOTA COROLLA,2.0 xei 16v flex 4p automático,2017/2018,138.541 Km,Marília (SP),R$ 96.900
4,TOYOTA COROLLA,2.0 vvt-ie flex xei direct shift,2022/2023,98.826 Km,Jundiaí (SP),R$ 124.990
4,TOYOTA COROLLA,2.0 vvt-ie flex xei direct shift,2023/2024,88.000 Km,Jundiaí (SP),R$ 139.900
4,TOYOTA COROLLA,2.0 vvt-ie flex xei direct shift,2022/2023,64.000 Km,Sorocaba (SP),R$ 127.900
4,TOYOTA COROLLA,2.0 vvt-ie flex xei direct shift,2021/2022,88.000 Km,Campinas (SP),R$ 119.900
4,TOYOTA COROLLA,2.0 vvt-ie flex xei direct shift,2022/2023,118.248 Km,Campinas (SP),R$ 117.990
4,TOYOTA COROLLA,1.8 gli upper 16v flex 4p aut...,2016/2017,190.000 Km,São Paulo (SP),R$ 80.000
4,TOYOTA COROLLA,1.8 gli upper 16v flex 4p automático,2016/2017,190.000 Km,São Paulo (SP),R$ 80.000
4,TOYOTA COROLLA,2.0 vvt-ie flex xei direct shift,2021/2022,80.254 Km,São José do Rio Preto (SP),R$ 124.500
5,TOYOTA COROLLA,1.8 vvt-i hybrid flex altis p...,2026/2026,0 Km,São Paulo (SP),R$ 193.800
5,TOYOTA COROLLA,2.0 vvt-ie flex xei direct shift,2019/2020,72.000 Km,Leme (SP),R$ 119.990
5,TOYOTA COROLLA,2.0 xei 16v flex 4p automático,2011/2012,193.000 Km,Marília (SP),R$ 63.900
5,TOYOTA COROLLA,2.0 vvt-ie flex xei direct shift,2021/2021,77.500 Km,Bauru (SP),R$ 121.990
5,TOYOTA COROLLA,1.8 gli 16v flex 4p automático,2016/2017,135.880 Km,Boituva (SP),R$ 85.900
5,TOYOTA COROLLA,2.0 xei 16v flex 4p automático,2018/2018,85.000 Km,Campinas (SP),R$ 99.890
5,TOYOTA COROLLA,2.0 xei 16v flex 4p automático,2018/2019,149.000 Km,Vinhedo (SP),R$ 102.900
5,TOYOTA COROLLA,2.0 vvt-ie flex altis direct ...,2021/2022,78.000 Km,Osasco (SP),R$ 191.700
5,TOYOTA COROLLA,1.8 gli 16v flex 4p automático,2016/2017,105.900 Km,Campinas (SP),R$ 81.890
5,TOYOTA COROLLA,2.0 vvt-ie flex xei direct shift,2021/2022,72.746 Km,Jundiaí (SP),R$ 129.900
5,TOYOTA COROLLA,2.0 vvt-ie flex xei direct shift,2024/2024,6.067 Km,Campinas (SP),R$ 148.990
5,TOYOTA COROLLA,2.0 vvt-ie flex xei direct shift,2021/2022,97.000 Km,Limeira (SP),R$ 145.000
5,TOYOTA COROLLA,1.8 gli 16v flex 4p automático,2016/2017,132.000 Km,São Paulo (SP),R$ 81.000
5,TOYOTA COROLLA,2.0 vvt-ie flex altis direct shift,2021/2022,78.000 Km,Osasco (SP),R$ 191.700
5,TOYOTA COROLLA,2.0 vvt-ie flex xei direct shift,2024/2024,24.834 Km,São Paulo (SP),R$ 198.900
5,TOYOTA COROLLA,1.8 vvt-i hybrid flex altis p...,2025/2025,18.565 Km,São Paulo (SP),R$ 184.800
5,TOYOTA COROLLA,2.0 vvt-ie flex altis direct ...,2021/2022,66.758 Km,Americana (SP),R$ 137.000
5,TOYOTA COROLLA,2.0 vvt-ie flex xei direct shift,2023/2023,69.699 Km,São Paulo (SP),R$ 134.990
5,TOYOTA COROLLA,2.0 vvt-ie flex xei direct shift,2022/2023,60.339 Km,São Paulo (SP),R$ 135.990
5,TOYOTA COROLLA,2.0 vvt-ie flex gli direct shift,2024/2024,63.206 Km,São Paulo (SP),R$ 125.900
5,TOYOTA COROLLA,2.0 vvt-ie flex xei direct shift,2022/2023,41.022 Km,Guarulhos (SP),R$ 138.990
5,TOYOTA COROLLA,2.0 vvt-ie flex gli direct shift,2024/2024,32.922 Km,São Paulo (SP),R$ 132.400
5,TOYOTA COROLLA,2.0 vvt-ie flex gli direct shift,2024/2024,46.514 Km,São Paulo (SP),R$ 131.100
5,TOYOTA COROLLA,2.0 vvt-ie flex xei direct shift,2021/2022,66.000 Km,São Paulo (SP),R$ 129.900
5,TOYOTA COROLLA,2.0 vvt-ie flex gli direct shift,2024/2024,38.902 Km,São Paulo (SP),R$ 133.100
5,TOYOTA COROLLA,2.0 vvt-ie flex xei direct shift,2024/2024,54.179 Km,São Paulo (SP),R$ 149.300
5,TOYOTA COROLLA,1.8 vvt-i hybrid flex altis p...,2023/2023,75.000 Km,São Paulo (SP),R$ 149.900
5,TOYOTA COROLLA,2.0 vvt-ie flex xei direct shift,2019/2020,78.000 Km,São Paulo (SP),R$ 129.900
5,TOYOTA COROLLA,2.0 vvt-ie flex gli direct shift,2021/2022,36.000 Km,São Paulo (SP),R$ 119.900
5,TOYOTA COROLLA,1.8 vvt-i hybrid flex altis p...,2023/2024,82.300 Km,Piracicaba (SP),R$ 168.990
5,TOYOTA COROLLA,2.0 altis 16v flex 4p automático,2019/2019,99.161 Km,Mogi Mirim (SP),R$ 118.990
5,TOYOTA COROLLA,2.0 vvt-ie flex xei direct shift,2020/2020,53.000 Km,Mogi Mirim (SP),R$ 125.990
5,TOYOTA COROLLA,2.0 vvt-ie flex gli direct shift,2023/2023,54.727 Km,Santo André (SP),R$ 128.790
5,TOYOTA COROLLA,1.8 vvt-i hybrid flex altis premium cvt,2026/2026,0 Km,São Paulo (SP),R$ 193.800
5,TOYOTA COROLLA,2.0 vvt-ie flex altis direct shift,2021/2022,66.758 Km,Americana (SP),R$ 137.000
5,TOYOTA COROLLA,1.8 vvt-i hybrid flex altis premium cvt,2025/2025,18.565 Km,São Paulo (SP),R$ 184.800
5,TOYOTA COROLLA,1.8 vvt-i hybrid flex altis premium cvt,2023/2023,75.000 Km,São Paulo (SP),R$ 149.900
5,TOYOTA COROLLA,1.8 vvt-i hybrid flex altis premium cvt,2023/2024,82.300 Km,Piracicaba (SP),R$ 168.990
5,TOYOTA COROLLA,2.0 xei 16v flex 4p automático,2011/2011,149.000 Km,Presidente Venceslau (SP),R$ 67.800
5,TOYOTA COROLLA,2.0 vvt-ie flex xei direct shift,2024/2024,18.000 Km,São Caetano do Sul (SP),R$ 194.880
5,TOYOTA COROLLA,2.0 xei 16v flex 4p automático,2015/2016,144.500 Km,São José do Rio Preto (SP),R$ 86.000
5,TOYOTA COROLLA,2.0 xei 16v flex 4p automático,2018/2019,89.000 Km,Santos (SP),R$ 101.790
5,TOYOTA COROLLA,1.8 gli 16v flex 4p automático,2011/2012,183.004 Km,São Paulo (SP),R$ 58.490
5,TOYOTA COROLLA,2.0 vvt-ie flex gr-s direct s...,2021/2022,85.000 Km,Vinhedo (SP),R$ 129.000
5,TOYOTA COROLLA,2.0 vvt-ie flex gr-s direct s...,2024/2024,38.000 Km,Cajamar (SP),R$ 157.900
5,TOYOTA COROLLA,2.0 vvt-ie flex gr-s direct shift,2021/2022,85.000 Km,Vinhedo (SP),R$ 129.000
5,TOYOTA COROLLA,2.0 vvt-ie flex gr-s direct shift,2024/2024,38.000 Km,Cajamar (SP),R$ 157.900
5,TOYOTA COROLLA,2.0 vvt-ie flex gli direct shift,2022/2023,24.352 Km,São Paulo (SP),R$ 117.500
5,TOYOTA COROLLA,2.0 vvt-ie flex gli direct shift,2024/2024,30.000 Km,São Paulo (SP),R$ 124.700
5,TOYOTA COROLLA,2.0 vvt-ie flex xei direct shift,2024/2024,61.745 Km,São Bernardo do Campo (SP),R$ 139.990
5,TOYOTA COROLLA,2.0 vvt-ie flex xei direct shift,2020/2021,113.000 Km,São José do Rio Preto (SP),R$ 112.800
6,TOYOTA COROLLA,1.8 vvt-i hybrid flex gli cvt,2026/2026,0 Km,Taubaté (SP),R$ 126.780
6,TOYOTA COROLLA,1.8 vvt-i hybrid flex altis p...,2025/2026,0 Km,Jundiaí (SP),R$ 296.990
6,TOYOTA COROLLA,1.8 gli 16v flex 4p automático,2018/2018,133.050 Km,Mauá (SP),R$ 89.900
6,TOYOTA COROLLA,1.8 vvt-i hybrid flex altis p...,2025/2026,0 Km,São Paulo (SP),R$ 201.990
6,TOYOTA COROLLA,1.8 vvt-i hybrid flex altis p...,2025/2026,0 Km,São Paulo (SP),R$ 204.320
6,TOYOTA COROLLA,2.0 vvt-ie flex xei direct shift,2025/2026,0 Km,São Paulo (SP),R$ 253.900
6,TOYOTA COROLLA,2.0 vvt-ie flex xei direct shift,2025/2025,0 Km,São Paulo (SP),R$ 259.000
6,TOYOTA COROLLA,2.0 vvt-ie flex gr-s direct s...,2023/2024,21.000 Km,Santos (SP),R$ 164.900
6,TOYOTA COROLLA,2.0 xei 16v flex 4p automático,2019/2019,108.573 Km,Barueri (SP),R$ 108.900
6,TOYOTA COROLLA,2.0 altis 16v flex 4p automático,2011/2012,156.000 Km,Suzano (SP),R$ 65.770
6,TOYOTA COROLLA,1.8 gli 16v flex 4p automático,2015/2016,89.000 Km,São Paulo (SP),R$ 79.999
6,TOYOTA COROLLA,2.0 xei 16v flex 4p automático,2011/2012,137.000 Km,São Paulo (SP),R$ 66.900
6,TOYOTA COROLLA,2.0 vvt-ie flex gr-s direct shift,2023/2024,21.000 Km,Santos (SP),R$ 164.900
6,TOYOTA COROLLA,2.0 vvt-ie flex gli direct shift,2023/2024,39.335 Km,Piedade (SP),R$ 128.900
6,TOYOTA COROLLA,2.0 xei 16v flex 4p automático,2018/2019,106.000 Km,São Paulo (SP),R$ 105.900
6,TOYOTA COROLLA,2.0 vvt-ie flex xei direct shift,2023/2023,63.925 Km,Caieiras (SP),R$ 135.900
6,TOYOTA COROLLA,1.8 vvt-i hybrid flex altis p...,2023/2024,25.268 Km,São Paulo (SP),R$ 172.900
6,TOYOTA COROLLA,2.0 vvt-ie flex xei direct shift,2021/2022,38.746 Km,São Paulo (SP),R$ 123.490
6,TOYOTA COROLLA,1.8 vvt-i hybrid flex altis premium cvt,2025/2026,0 Km,Jundiaí (SP),R$ 296.990
6,TOYOTA COROLLA,2.0 vvt-ie flex gli direct shift,2022/2023,87.300 Km,São Paulo (SP),R$ 119.700
6,TOYOTA COROLLA,2.0 vvt-ie flex xei direct shift,2021/2022,98.000 Km,São Paulo (SP),R$ 139.990
6,TOYOTA COROLLA,2.0 altis 16v flex 4p automático,2018/2018,122.000 Km,Caieiras (SP),R$ 108.900
6,TOYOTA COROLLA,2.0 vvt-ie flex xei direct shift,2024/2024,18.000 Km,São Paulo (SP),R$ 149.800
6,TOYOTA COROLLA,2.0 vvt-ie flex gli direct shift,2024/2024,16.292 Km,São Paulo (SP),R$ 183.900
6,TOYOTA COROLLA,2.0 vvt-ie flex gr-s direct s...,2021/2022,53.256 Km,Piracicaba (SP),R$ 129.990
6,TOYOTA COROLLA,1.8 se-g 16v flex 4p automático,2009/2009,182.000 Km,Santo André (SP),R$ 59.888
6,TOYOTA COROLLA,2.0 xei 16v flex 4p automático,2017/2018,119.602 Km,Santo André (SP),R$ 101.900
6,TOYOTA COROLLA,2.0 vvt-ie flex gr-s direct shift,2021/2022,53.256 Km,Piracicaba (SP),R$ 129.990
6,TOYOTA COROLLA,1.8 vvt-i hybrid flex altis premium cvt,2025/2026,0 Km,São Paulo (SP),R$ 201.990
6,TOYOTA COROLLA,1.8 vvt-i hybrid flex altis premium cvt,2025/2026,0 Km,São Paulo (SP),R$ 204.320
6,TOYOTA COROLLA,1.8 gli upper 16v flex 4p aut...,2018/2019,124.000 Km,Ribeirão Preto (SP),R$ 88.000
6,TOYOTA COROLLA,1.8 vvt-i hybrid flex altis premium cvt,2023/2024,25.268 Km,São Paulo (SP),R$ 172.900
6,TOYOTA COROLLA,1.8 gli upper 16v flex 4p automático,2018/2019,124.000 Km,Ribeirão Preto (SP),R$ 88.000
6,TOYOTA COROLLA,2.0 vvt-ie flex xei direct shift,2022/2023,46.000 Km,São Caetano do Sul (SP),R$ 164.880
6,TOYOTA COROLLA,1.8 vvt-i hybrid flex altis p...,2019/2020,97.000 Km,São Caetano do Sul (SP),R$ 149.880
6,TOYOTA COROLLA,1.8 vvt-i hybrid flex altis p...,2025/2026,0 Km,São Paulo (SP),R$ 184.900
6,TOYOTA COROLLA,2.0 xei 16v flex 4p automático,2015/2016,135.000 Km,São Bernardo do Campo (SP),R$ 88.900
6,TOYOTA COROLLA,2.0 vvt-ie flex xei direct shift,2024/2024,16.000 Km,São Bernardo do Campo (SP),R$ 145.990
6,TOYOTA COROLLA,2.0 vvt-ie flex altis direct ...,2022/2023,62.328 Km,Bauru (SP),R$ 145.900
6,TOYOTA COROLLA,1.8 vvt-i hybrid flex altis p...,2022/2023,73.137 Km,São Bernardo do Campo (SP),R$ 189.800
6,TOYOTA COROLLA,2.0 vvt-ie flex xei direct shift,2020/2020,96.000 Km,Limeira (SP),R$ 112.900
6,TOYOTA COROLLA,2.0 altis 16v flex 4p automático,2010/2011,214.726 Km,Vargem Grande Paulista (SP),R$ 60.900
6,TOYOTA COROLLA,2.0 xei 16v flex 4p automático,2018/2019,162.700 Km,São Paulo (SP),R$ 96.990
6,TOYOTA COROLLA,2.0 vvt-ie flex altis direct ...,2023/2023,81.769 Km,Campinas (SP),R$ 139.490
6,TOYOTA COROLLA,2.0 vvt-ie flex altis direct shift,2022/2023,62.328 Km,Bauru (SP),R$ 145.900
6,TOYOTA COROLLA,2.0 vvt-ie flex xei direct shift,2021/2022,46.000 Km,São Paulo (SP),R$ 122.490
6,TOYOTA COROLLA,2.0 vvt-ie flex altis direct shift,2023/2023,81.769 Km,Campinas (SP),R$ 139.490
6,TOYOTA COROLLA,1.8 vvt-i hybrid flex altis premium cvt,2019/2020,97.000 Km,São Caetano do Sul (SP),R$ 149.880
6,TOYOTA COROLLA,1.8 vvt-i hybrid flex altis premium cvt,2025/2026,0 Km,São Paulo (SP),R$ 184.900
6,TOYOTA COROLLA,1.8 vvt-i hybrid flex altis premium cvt,2022/2023,73.137 Km,São Bernardo do Campo (SP),R$ 189.800
7,TOYOTA COROLLA,1.8 vvt-i hybrid flex altis p...,2025/2026,0 Km,São Paulo (SP),R$ 204.010
7,TOYOTA COROLLA,2.0 xei 16v flex 4p automático,2018/2019,85.406 Km,Osasco (SP),R$ 105.900
7,TOYOTA COROLLA,1.8 vvt-i hybrid flex altis p...,2022/2023,50.912 Km,Mauá (SP),R$ 193.900
7,TOYOTA COROLLA,1.8 gli 16v flex 4p automático,2016/2017,150.482 Km,Osasco (SP),R$ 84.900
7,TOYOTA COROLLA,2.0 xei 16v flex 4p automático,2013/2014,104.372 Km,Osasco (SP),R$ 75.900
7,TOYOTA COROLLA,1.8 gli 16v flex 4p automático,2017/2018,79.000 Km,Campinas (SP),R$ 86.990
7,TOYOTA COROLLA,1.8 gli 16v flex 4p automático,2019/2019,99.060 Km,São Paulo (SP),R$ 88.790
7,TOYOTA COROLLA,1.8 gli 16v flex 4p automático,2013/2014,185.000 Km,Sorocaba (SP),R$ 69.890
7,TOYOTA COROLLA,1.8 gli 16v flex 4p automático,2014/2015,96.000 Km,São Paulo (SP),R$ 78.999
7,TOYOTA COROLLA,2.0 xei 16v flex 4p automático,2011/2012,78.000 Km,São Paulo (SP),R$ 77.990
7,TOYOTA COROLLA,1.8 gli 16v flex 4p automático,2017/2018,59.000 Km,São Paulo (SP),R$ 98.000
7,TOYOTA COROLLA,1.8 gli 16v flex 4p automático,2017/2018,128.000 Km,São Paulo (SP),R$ 84.899
7,TOYOTA COROLLA,1.8 vvt-i hybrid flex altis p...,2024/2024,11.605 Km,Limeira (SP),R$ 171.190
7,TOYOTA COROLLA,2.0 xei 16v flex 4p automático,2015/2016,122.000 Km,São Paulo (SP),R$ 84.000
7,TOYOTA COROLLA,2.0 altis 16v flex 4p automático,2015/2016,87.000 Km,São Paulo (SP),R$ 89.899
7,TOYOTA COROLLA,1.8 vvt-i hybrid flex altis cvt,2019/2020,44.000 Km,São Paulo (SP),R$ 130.990
7,TOYOTA COROLLA,2.0 xei 16v flex 4p automático,2016/2017,119.000 Km,Piracicaba (SP),R$ 89.490
7,TOYOTA COROLLA,2.0 altis 16v flex 4p automático,2015/2015,83.000 Km,São Paulo (SP),R$ 97.000
7,TOYOTA COROLLA,1.8 vvt-i hybrid flex altis p...,2025/2025,5.506 Km,São Paulo (SP),R$ 189.800
7,TOYOTA COROLLA,2.0 vvt-ie flex xei direct shift,2021/2022,89.000 Km,Campinas (SP),R$ 124.990
7,TOYOTA COROLLA,1.8 vvt-i hybrid flex altis p...,2025/2025,10.000 Km,São Paulo (SP),R$ 182.800
7,TOYOTA COROLLA,2.0 altis 16v flex 4p automático,2014/2015,40.000 Km,São Paulo (SP),R$ 109.800
7,TOYOTA COROLLA,2.0 vvt-ie flex gli direct shift,2023/2023,44.727 Km,São Paulo (SP),R$ 128.790
7,TOYOTA COROLLA,2.0 vvt-ie flex gli direct shift,2022/2022,47.656 Km,São Paulo (SP),R$ 124.790
7,TOYOTA COROLLA,1.8 vvt-i hybrid flex altis p...,2021/2022,49.900 Km,São Paulo (SP),R$ 183.899
7,TOYOTA COROLLA,1.8 vvt-i hybrid flex altis p...,2021/2022,50.000 Km,São Paulo (SP),R$ 184.999
7,TOYOTA COROLLA,2.0 vvt-ie flex xei direct shift,2022/2023,53.595 Km,São Paulo (SP),R$ 137.490
7,TOYOTA COROLLA,2.0 vvt-ie flex xei direct shift,2022/2023,57.190 Km,São Paulo (SP),R$ 135.590
7,TOYOTA COROLLA,2.0 vvt-ie flex xei direct shift,2019/2020,63.480 Km,São Paulo (SP),R$ 138.900
7,TOYOTA COROLLA,2.0 vvt-ie flex xei direct shift,2022/2023,57.167 Km,São Paulo (SP),R$ 136.090
7,TOYOTA COROLLA,2.0 vvt-ie flex xei direct shift,2023/2023,64.955 Km,São Paulo (SP),R$ 133.290
7,TOYOTA COROLLA,2.0 vvt-ie flex altis direct ...,2024/2024,69.000 Km,Igarapava (SP),R$ 165.900
7,TOYOTA COROLLA,1.8 vvt-i hybrid flex altis premium cvt,2025/2026,0 Km,São Paulo (SP),R$ 204.010
7,TOYOTA COROLLA,2.0 vvt-ie flex altis direct shift,2024/2024,69.000 Km,Igarapava (SP),R$ 165.900
7,TOYOTA COROLLA,2.0 vvt-ie flex gli direct shift,2021/2022,40.300 Km,Santo André (SP),R$ 124.900
7,TOYOTA COROLLA,1.8 vvt-i hybrid flex altis premium cvt,2022/2023,50.912 Km,Mauá (SP),R$ 193.900
7,TOYOTA COROLLA,1.8 vvt-i hybrid flex altis premium cvt,2024/2024,11.605 Km,Limeira (SP),R$ 171.190
7,TOYOTA COROLLA,1.8 vvt-i hybrid flex altis premium cvt,2025/2025,5.506 Km,São Paulo (SP),R$ 189.800
7,TOYOTA COROLLA,1.8 vvt-i hybrid flex altis premium cvt,2025/2025,10.000 Km,São Paulo (SP),R$ 182.800
7,TOYOTA COROLLA,1.8 vvt-i hybrid flex altis premium cvt,2021/2022,49.900 Km,São Paulo (SP),R$ 183.899
7,TOYOTA COROLLA,1.8 vvt-i hybrid flex altis premium cvt,2021/2022,50.000 Km,São Paulo (SP),R$ 184.999
7,TOYOTA COROLLA,2.0 xei 16v flex 4p automático,2018/2018,99.000 Km,Cotia (SP),R$ 94.900
7,TOYOTA COROLLA,1.8 vvt-i hybrid flex altis cvt,2020/2021,55.700 Km,São Caetano do Sul (SP),R$ 126.890
7,TOYOTA COROLLA,2.0 vvt-ie flex xei direct shift,2022/2023,49.000 Km,Santa Bárbara D'Oeste (SP),R$ 130.800
7,TOYOTA COROLLA,2.0 xei 16v flex 4p automático,2018/2018,108.788 Km,São Paulo (SP),R$ 94.880
7,TOYOTA COROLLA,1.8 vvt-i hybrid flex altis cvt,2023/2023,72.376 Km,Campinas (SP),R$ 143.890
7,TOYOTA COROLLA,2.0 altis 16v flex 4p automático,2011/2012,215.000 Km,São Paulo (SP),R$ 63.800
7,TOYOTA COROLLA,2.0 vvt-ie flex xei direct shift,2022/2023,66.930 Km,São Paulo (SP),R$ 126.890
7,TOYOTA COROLLA,2.0 vvt-ie flex xei direct shift,2022/2023,64.037 Km,São Paulo (SP),R$ 121.890
7,TOYOTA COROLLA,2.0 vvt-ie flex xei direct shift,2022/2023,75.000 Km,São Paulo (SP),R$ 121.880
7,TOYOTA COROLLA,2.0 vvt-ie flex xei direct shift,2021/2022,115.285 Km,São Paulo (SP),R$ 120.590
7,TOYOTA COROLLA,2.0 vvt-ie flex xei direct shift,2022/2023,57.179 Km,Ribeirão Preto (SP),R$ 126.790
8,TOYOTA COROLLA,2.0 xei 16v flex 4p automático,2012/2013,130.533 Km,Osasco (SP),R$ 70.900
8,TOYOTA COROLLA,1.8 gli 16v flex 4p automático,2017/2018,184.116 Km,Sumaré (SP),R$ 86.900
8,TOYOTA COROLLA,1.8 gli 16v flex 4p automático,2016/2017,100.000 Km,Osasco (SP),R$ 84.900
8,TOYOTA COROLLA,2.0 vvt-ie flex xei direct shift,2021/2022,49.317 Km,Matão (SP),R$ 134.000
8,TOYOTA COROLLA,1.8 vvt-i hybrid flex altis cvt,2021/2022,109.764 Km,Matão (SP),R$ 138.000
8,TOYOTA COROLLA,2.0 vvt-ie flex xei direct shift,2023/2024,30.000 Km,Bauru (SP),R$ 144.000
8,TOYOTA COROLLA,1.8 vvt-i hybrid flex altis p...,2025/2026,800 Km,São Paulo (SP),R$ 289.800
8,TOYOTA COROLLA,2.0 xei 16v flex 4p automático,2017/2018,66.000 Km,São Paulo (SP),R$ 107.900
8,TOYOTA COROLLA,2.0 vvt-ie flex xei direct shift,2023/2024,29.000 Km,Jundiaí (SP),R$ 152.900
8,TOYOTA COROLLA,2.0 vvt-ie flex gr-s direct s...,2022/2023,51.000 Km,Barueri (SP),R$ 155.000
8,TOYOTA COROLLA,2.0 vvt-ie flex xei direct shift,2023/2023,69.875 Km,Jundiaí (SP),R$ 134.290
8,TOYOTA COROLLA,1.8 se-g 16v flex 4p automático,2007/2008,128.000 Km,São Paulo (SP),R$ 51.500
8,TOYOTA COROLLA,1.8 gli 16v flex 4p automático,2013/2013,170.000 Km,Mogi Guaçu (SP),R$ 67.990
8,TOYOTA COROLLA,2.0 vvt-ie flex gr-s direct shift,2022/2023,51.000 Km,Barueri (SP),R$ 155.000
8,TOYOTA COROLLA,1.8 vvt-i hybrid flex altis p...,2024/2024,26.557 Km,São Paulo (SP),R$ 174.090
8,TOYOTA COROLLA,2.0 vvt-ie flex altis direct ...,2022/2023,70.439 Km,São Paulo (SP),R$ 145.790
8,TOYOTA COROLLA,2.0 vvt-ie flex xei direct shift,2022/2023,55.648 Km,São Paulo (SP),R$ 136.990
8,TOYOTA COROLLA,1.8 gli upper 16v flex 4p aut...,2019/2019,112.200 Km,São Paulo (SP),R$ 88.000
8,TOYOTA COROLLA,2.0 vvt-ie flex xei direct shift,2024/2024,27.900 Km,São Carlos (SP),R$ 143.000
8,TOYOTA COROLLA,2.0 vvt-ie flex xei direct shift,2023/2023,53.464 Km,Indaiatuba (SP),R$ 137.990
8,TOYOTA COROLLA,2.0 vvt-ie flex altis direct shift,2022/2023,70.439 Km,São Paulo (SP),R$ 145.790
8,TOYOTA COROLLA,1.8 vvt-i hybrid flex altis premium cvt,2025/2026,800 Km,São Paulo (SP),R$ 289.800
8,TOYOTA COROLLA,1.8 gli upper 16v flex 4p automático,2019/2019,112.200 Km,São Paulo (SP),R$ 88.000
8,TOYOTA COROLLA,1.8 vvt-i hybrid flex altis premium cvt,2024/2024,26.557 Km,São Paulo (SP),R$ 174.090
8,TOYOTA COROLLA,2.0 xrs 16v flex 4p automático,2012/2013,190 Km,Monte Mor (SP),R$ 61.900
8,TOYOTA COROLLA,2.0 vvt-ie flex altis direct ...,2022/2023,94.764 Km,Barueri (SP),R$ 142.990
8,TOYOTA COROLLA,2.0 vvt-ie flex xei direct shift,2021/2022,71.227 Km,São Paulo (SP),R$ 119.490
8,TOYOTA COROLLA,2.0 vvt-ie flex altis direct shift,2022/2023,94.764 Km,Barueri (SP),R$ 142.990
8,TOYOTA COROLLA,1.8 xei 16v flex 4p automático,2009/2010,235.000 Km,São José dos Campos (SP),R$ 54.000
8,TOYOTA COROLLA,1.8 gli 16v flex 4p automático,2017/2018,93.850 Km,Santa Bárbara D'Oeste (SP),R$ 82.000
8,TOYOTA COROLLA,1.8 gli 16v flex 4p automático,2010/2011,224.000 Km,São Bernardo do Campo (SP),R$ 54.899
8,TOYOTA COROLLA,1.8 vvt-i hybrid flex altis cvt,2020/2021,80.500 Km,São Bernardo do Campo (SP),R$ 125.000
8,TOYOTA COROLLA,2.0 vvt-ie flex xei direct shift,2020/2021,97.477 Km,São Bernardo do Campo (SP),R$ 117.800
9,TOYOTA COROLLA,1.8 gli 16v flex 4p automático,2016/2017,98.000 Km,Suzano (SP),R$ 82.900
9,TOYOTA COROLLA,2.0 xei 16v flex 4p automático,2015/2015,168.000 Km,Olímpia (SP),R$ 84.990
9,TOYOTA COROLLA,1.8 gli 16v flex 4p automático,2017/2018,67.000 Km,Sorocaba (SP),R$ 89.200
9,TOYOTA COROLLA,2.0 xei 16v flex 4p automático,2014/2015,96.000 Km,Louveira (SP),R$ 89.900
9,TOYOTA COROLLA,1.8 xei 16v flex 4p automático,2006/2007,157.000 Km,Paulínia (SP),R$ 42.900
9,TOYOTA COROLLA,1.8 gli 16v flex 4p automático,2016/2017,100.200 Km,Campinas (SP),R$ 81.900
9,TOYOTA COROLLA,1.8 se-g 16v flex 4p automático,2009/2010,188.100 Km,Jundiaí (SP),R$ 59.900
9,TOYOTA COROLLA,1.8 se-g 16v flex 4p automático,2009/2010,188.041 Km,Jundiaí (SP),R$ 62.900
9,TOYOTA COROLLA,2.0 vvt-ie flex xei direct shift,2025/2025,9.100 Km,Jundiaí (SP),R$ 163.900
9,TOYOTA COROLLA,1.8 xei 16v flex 4p automático,2010/2010,201.500 Km,Campinas (SP),R$ 57.990
9,TOYOTA COROLLA,2.0 xei 16v flex 4p automático,2018/2019,72.000 Km,São Paulo (SP),R$ 107.900
9,TOYOTA COROLLA,2.0 vvt-ie flex xei direct shift,2022/2023,77.000 Km,Mirassol (SP),R$ 128.000
9,TOYOTA COROLLA,2.0 vvt-ie flex xei direct shift,2024/2024,54.848 Km,Campinas (SP),R$ 145.700
9,TOYOTA COROLLA,2.0 vvt-ie flex xei direct shift,2025/2025,13.000 Km,Campinas (SP),R$ 163.900
9,TOYOTA COROLLA,2.0 vvt-ie flex xei direct shift,2025/2025,8.968 Km,Americana (SP),R$ 165.000
9,TOYOTA COROLLA,1.8 gli upper 16v flex 4p aut...,2015/2016,112.000 Km,Louveira (SP),R$ 84.900
9,TOYOTA COROLLA,1.8 vvt-i hybrid flex altis cvt,2021/2022,125.000 Km,São Paulo (SP),R$ 135.000
9,TOYOTA COROLLA,2.0 vvt-ie flex xei direct shift,2023/2023,47.000 Km,Americana (SP),R$ 133.900
9,TOYOTA COROLLA,2.0 vvt-ie flex xei direct shift,2024/2024,11.000 Km,Guarulhos (SP),R$ 146.900
9,TOYOTA COROLLA,2.0 vvt-ie flex gr-s direct s...,2022/2023,31.500 Km,São Paulo (SP),R$ 139.990
9,TOYOTA COROLLA,2.0 vvt-ie flex altis premium...,2025/2025,19.760 Km,São Paulo (SP),R$ 182.000
9,TOYOTA COROLLA,2.0 vvt-ie flex gli direct shift,2020/2020,66.800 Km,São Paulo (SP),R$ 109.890
9,TOYOTA COROLLA,2.0 vvt-ie flex xei direct shift,2020/2021,56.000 Km,São Paulo (SP),R$ 144.799
9,TOYOTA COROLLA,2.0 vvt-ie flex gli direct shift,2024/2024,54.581 Km,São Carlos (SP),R$ 125.900
9,TOYOTA COROLLA,2.0 vvt-ie flex gr-s direct shift,2022/2023,31.500 Km,São Paulo (SP),R$ 139.990
9,TOYOTA COROLLA,2.0 vvt-ie flex gr-s direct s...,2022/2023,37.000 Km,Piracicaba (SP),R$ 145.900
9,TOYOTA COROLLA,2.0 vvt-ie flex gr-s direct shift,2022/2023,37.000 Km,Piracicaba (SP),R$ 145.900
9,TOYOTA COROLLA,1.8 gli upper 16v flex 4p automático,2015/2016,112.000 Km,Louveira (SP),R$ 84.900
9,TOYOTA COROLLA,1.8 gli 16v flex 4p automático,2015/2016,96.584 Km,São José dos Campos (SP),R$ 90.000
9,TOYOTA COROLLA,1.8 gli 16v flex 4p automático,2011/2012,155.500 Km,São Bernardo do Campo (SP),R$ 68.790
9,TOYOTA COROLLA,2.0 xei 16v flex 4p automático,2018/2019,91.000 Km,São José do Rio Preto (SP),R$ 107.900
9,TOYOTA COROLLA,2.0 vvt-ie flex altis premium direct shift,2025/2025,19.760 Km,São Paulo (SP),R$ 182.000
9,TOYOTA COROLLA,2.0 vvt-ie flex gr-s direct s...,2022/2023,8.248 Km,São Bernardo do Campo (SP),R$ 141.800
9,TOYOTA COROLLA,2.0 vvt-ie flex gli direct shift,2020/2021,47.000 Km,Bauru (SP),R$ 110.000
9,TOYOTA COROLLA,2.0 vvt-ie flex gr-s direct shift,2022/2023,8.248 Km,São Bernardo do Campo (SP),R$ 141.800
9,TOYOTA COROLLA,2.0 xei 16v flex 4p automático,2016/2017,107.100 Km,Campinas (SP),R$ 84.900
9,TOYOTA COROLLA,2.0 vvt-ie flex altis direct ...,2021/2021,59.000 Km,São Bernardo do Campo (SP),R$ 132.900
9,TOYOTA COROLLA,1.8 gli 16v flex 4p automático,2016/2017,79.000 Km,Guarulhos (SP),R$ 79.990
9,TOYOTA COROLLA,2.0 xei 16v flex 4p automático,2010/2011,232.000 Km,São Paulo (SP),R$ 49.990
9,TOYOTA COROLLA,2.0 vvt-ie flex altis direct shift,2021/2021,59.000 Km,São Bernardo do Campo (SP),R$ 132.900
9,TOYOTA COROLLA,2.0 altis 16v flex 4p automático,2011/2012,213.000 Km,São Paulo (SP),R$ 62.900
9,TOYOTA COROLLA,1.8 vvt-i hybrid flex altis p...,2023/2024,49.000 Km,São Paulo (SP),R$ 164.800
9,TOYOTA COROLLA,2.0 vvt-ie flex xei direct shift,2020/2021,138.000 Km,Campinas (SP),R$ 116.600
9,TOYOTA COROLLA,2.0 vvt-ie flex gli direct shift,2020/2021,75.600 Km,São Paulo (SP),R$ 108.500
9,TOYOTA COROLLA,2.0 vvt-ie flex xei direct shift,2021/2022,264.880 Km,São Paulo (SP),R$ 110.000
9,TOYOTA COROLLA,2.0 vvt-ie flex xei direct shift,2021/2022,92.000 Km,Araraquara (SP),R$ 119.900
9,TOYOTA COROLLA,2.0 xei 16v flex 4p automático,2012/2013,197.000 Km,Caraguatatuba (SP),R$ 63.900
9,TOYOTA COROLLA,1.8 vvt-i hybrid flex altis cvt,2022/2023,71.416 Km,Ribeirão Preto (SP),R$ 138.990
9,TOYOTA COROLLA,2.0 vvt-ie flex xei direct shift,2022/2023,60.000 Km,Santa Fé do Sul (SP),R$ 127.000
9,TOYOTA COROLLA,2.0 vvt-ie flex altis direct ...,2024/2024,30.000 Km,Mogi das Cruzes (SP),R$ 144.990
9,TOYOTA COROLLA,1.8 vvt-i hybrid flex altis premium cvt,2023/2024,49.000 Km,São Paulo (SP),R$ 164.800
9,TOYOTA COROLLA,2.0 vvt-ie flex altis direct shift,2024/2024,30.000 Km,Mogi das Cruzes (SP),R$ 144.990
9,TOYOTA COROLLA,,2007/2007,280.000 Km,Bragança Paulista (SP),R$ 39.000
10,TOYOTA COROLLA,2.0 xei 16v flex 4p automático,2019/2019,84.000 Km,Suzano (SP),R$ 104.900
10,TOYOTA COROLLA,1.8 gli 16v flex 4p automático,2017/2018,97.044 Km,Jundiaí (SP),R$ 89.990
10,TOYOTA COROLLA,2.0 xei 16v flex 4p automático,2019/2019,93.348 Km,Suzano (SP),R$ 102.900
10,TOYOTA COROLLA,2.0 xei 16v flex 4p automático,2017/2018,78.091 Km,Suzano (SP),R$ 102.900
10,TOYOTA COROLLA,2.0 xei 16v flex 4p automático,2012/2013,198.738 Km,Socorro (SP),R$ 73.900
10,TOYOTA COROLLA,2.0 xei 16v flex 4p automático,2019/2019,73.269 Km,Barueri (SP),R$ 113.900
10,TOYOTA COROLLA,1.8 se-g 16v flex 4p automático,2009/2010,213.900 Km,Osasco (SP),R$ 58.500
10,TOYOTA COROLLA,1.8 xei 16v flex 4p automático,2008/2009,158.194 Km,Taubaté (SP),R$ 59.990
10,TOYOTA COROLLA,2.0 vvt-ie flex xei direct shift,2023/2024,39.000 Km,Suzano (SP),R$ 144.900
10,TOYOTA COROLLA,2.0 xei 16v flex 4p automático,2015/2015,91.000 Km,São Paulo (SP),R$ 86.900
10,TOYOTA COROLLA,2.0 xei 16v flex 4p automático,2014/2015,75.000 Km,São Paulo (SP),R$ 87.900
10,TOYOTA COROLLA,2.0 xei 16v flex 4p automático,2013/2014,134.000 Km,Campinas (SP),R$ 69.890
10,TOYOTA COROLLA,1.8 se-g 16v flex 4p automático,2008/2009,220.389 Km,Taubaté (SP),R$ 57.900
10,TOYOTA COROLLA,2.0 xei 16v flex 4p automático,2016/2017,85.000 Km,São Paulo (SP),R$ 92.890
10,TOYOTA COROLLA,2.0 xei 16v flex 4p automático,2016/2017,79.000 Km,São Paulo (SP),R$ 97.900
10,TOYOTA COROLLA,1.8 vvt-i hybrid flex altis p...,2019/2020,67.000 Km,Limeira (SP),R$ 129.880
10,TOYOTA COROLLA,2.0 vvt-ie flex gr-s direct s...,2023/2023,38.640 Km,Taubaté (SP),R$ 139.990
10,TOYOTA COROLLA,,2007/2007,178.000 Km,Vinhedo (SP),R$ 45.800
10,TOYOTA COROLLA,2.0 vvt-ie flex xei direct shift,2020/2021,50.000 Km,Jundiaí (SP),R$ 124.800
10,TOYOTA COROLLA,2.0 xei 16v flex 4p automático,2018/2019,92.000 Km,Americana (SP),R$ 107.900
10,TOYOTA COROLLA,2.0 vvt-ie flex altis direct ...,2024/2024,16.875 Km,Botucatu (SP),R$ 169.800
10,TOYOTA COROLLA,2.0 vvt-ie flex gr-s direct shift,2023/2023,38.640 Km,Taubaté (SP),R$ 139.990
10,TOYOTA COROLLA,2.0 vvt-ie flex xei direct shift,2020/2020,58.419 Km,Campinas (SP),R$ 121.900
10,TOYOTA COROLLA,1.8 gli upper 16v flex 4p aut...,2016/2017,89.592 Km,São Paulo (SP),R$ 85.890
10,TOYOTA COROLLA,2.0 vvt-ie flex xei direct shift,2022/2023,17.323 Km,São Paulo (SP),R$ 132.990
10,TOYOTA COROLLA,2.0 xei 16v flex 4p automático,2012/2012,196.030 Km,Hortolândia (SP),R$ 64.990
10,TOYOTA COROLLA,2.0 vvt-ie flex altis direct shift,2024/2024,16.875 Km,Botucatu (SP),R$ 169.800
10,TOYOTA COROLLA,2.0 vvt-ie flex gli direct shift,2025/2025,8.488 Km,Santo André (SP),R$ 151.490
10,TOYOTA COROLLA,2.0 xrs 16v flex 4p automático,2018/2019,84.700 Km,Regente Feijó (SP),R$ 112.000
10,TOYOTA COROLLA,1.8 vvt-i hybrid flex altis p...,2023/2023,39.000 Km,Votuporanga (SP),R$ 145.999
10,TOYOTA COROLLA,1.8 gli upper 16v flex 4p automático,2016/2017,89.592 Km,São Paulo (SP),R$ 85.890
10,TOYOTA COROLLA,1.8 vvt-i hybrid flex altis premium cvt,2019/2020,67.000 Km,Limeira (SP),R$ 129.880
10,TOYOTA COROLLA,2.0 vvt-ie flex gli direct shift,2019/2020,46.000 Km,Mogi das Cruzes (SP),R$ 119.900
10,TOYOTA COROLLA,2.0 vvt-ie flex gr-s direct s...,2021/2022,47.500 Km,Lençóis Paulista (SP),R$ 134.890
10,TOYOTA COROLLA,2.0 vvt-ie flex gr-s direct shift,2021/2022,47.500 Km,Lençóis Paulista (SP),R$ 134.890
10,TOYOTA COROLLA,1.8 vvt-i hybrid flex altis premium cvt,2023/2023,39.000 Km,Votuporanga (SP),R$ 145.999
10,TOYOTA COROLLA,2.0 xei 16v flex 4p automático,2014/2015,185.290 Km,Osasco (SP),R$ 77.890
10,TOYOTA COROLLA,2.0 xei 16v flex 4p automático,2012/2013,130.250 Km,São José do Rio Preto (SP),R$ 68.900
10,TOYOTA COROLLA,1.8 gli 16v flex 4p automático,2015/2016,115.000 Km,São José do Rio Preto (SP),R$ 81.900
10,TOYOTA COROLLA,2.0 vvt-ie flex gli direct shift,2019/2020,77.000 Km,São José dos Campos (SP),R$ 116.900
10,TOYOTA COROLLA,2.0 xei 16v flex 4p automático,2012/2013,198.000 Km,São José do Rio Preto (SP),R$ 71.900
10,TOYOTA COROLLA,2.0 vvt-ie flex xei direct shift,2022/2023,35.000 Km,Presidente Prudente (SP),R$ 134.900
10,TOYOTA COROLLA,1.8 gli upper 16v flex 4p aut...,2017/2018,94.784 Km,São José do Rio Preto (SP),R$ 92.900
10,TOYOTA COROLLA,2.0 vvt-ie flex xei direct shift,2020/2020,50.500 Km,São José do Rio Preto (SP),R$ 122.000
10,TOYOTA COROLLA,2.0 xei 16v flex 4p automático,2019/2019,122.269 Km,São Paulo (SP),R$ 94.900
10,TOYOTA COROLLA,1.8 gli upper 16v flex 4p automático,2017/2018,94.784 Km,São José do Rio Preto (SP),R$ 92.900
10,TOYOTA COROLLA,2.0 vvt-ie flex xei direct shift,2019/2020,52.056 Km,São Paulo (SP),R$ 111.900
10,TOYOTA COROLLA,2.0 vvt-ie flex xei direct shift,2022/2023,77.540 Km,São Paulo (SP),R$ 125.490
10,TOYOTA COROLLA,2.0 vvt-ie flex altis direct ...,2020/2020,101.867 Km,Campinas (SP),R$ 124.900
10,TOYOTA COROLLA,2.0 vvt-ie flex xei direct shift,2020/2021,116.100 Km,São Paulo (SP),R$ 112.800
10,TOYOTA COROLLA,2.0 vvt-ie flex altis direct shift,2020/2020,101.867 Km,Campinas (SP),R$ 124.900
10,TOYOTA COROLLA,1.8 gli 16v flex 4p automático,2016/2017,134.770 Km,São Bernardo do Campo (SP),R$ 79.800
11,TOYOTA COROLLA,2.0 xrs 16v flex 4p automático,2017/2018,104.000 Km,Sumaré (SP),R$ 99.990
11,TOYOTA COROLLA,1.8 gli 16v flex 4p automático,2017/2017,114.630 Km,Piedade (SP),R$ 82.900
11,TOYOTA COROLLA,1.8 gli 16v flex 4p automático,2018/2019,92.000 Km,São Paulo (SP),R$ 93.900
11,TOYOTA COROLLA,2.0 xei 16v flex 4p automático,2019/2019,81.001 Km,Campinas (SP),R$ 106.900
11,TOYOTA COROLLA,,2007/2007,181.000 Km,Campinas (SP),R$ 43.990
11,TOYOTA COROLLA,1.8 gli 16v flex 4p automático,2015/2016,77.000 Km,São Paulo (SP),R$ 80.000
11,TOYOTA COROLLA,2.0 xei 16v flex 4p automático,2016/2017,91.500 Km,São Paulo (SP),R$ 89.900
11,TOYOTA COROLLA,2.0 xei 16v flex 4p automático,2018/2019,81.000 Km,Campinas (SP),R$ 103.990
11,TOYOTA COROLLA,2.0 altis 16v flex 4p automático,2017/2018,95.350 Km,Jundiaí (SP),R$ 105.900
11,TOYOTA COROLLA,2.0 vvt-ie flex xei direct shift,2020/2020,80.000 Km,Limeira (SP),R$ 116.700
11,TOYOTA COROLLA,2.0 vvt-ie flex xei direct shift,2025/2025,13.500 Km,Birigui (SP),R$ 167.000
11,TOYOTA COROLLA,1.8 xli 16v flex 4p automático,2009/2010,110.000 Km,São Paulo (SP),R$ 57.990
11,TOYOTA COROLLA,1.8 gli 16v flex 4p automático,2013/2014,117.000 Km,Bebedouro (SP),R$ 68.500
11,TOYOTA COROLLA,2.0 vvt-ie flex xei direct shift,2024/2024,30.000 Km,Sorocaba (SP),R$ 149.990
11,TOYOTA COROLLA,1.8 vvt-i hybrid flex altis cvt,2022/2023,13.557 Km,São Paulo (SP),R$ 162.990
11,TOYOTA COROLLA,2.0 xei 16v flex 4p automático,2016/2016,126.000 Km,São Carlos (SP),R$ 89.900
11,TOYOTA COROLLA,2.0 vvt-ie flex xei direct shift,2025/2025,4.000 Km,São Paulo (SP),R$ 168.890
11,TOYOTA COROLLA,2.0 xei 16v flex 4p automático,2013/2014,139.000 Km,Adamantina (SP),R$ 79.900
11,TOYOTA COROLLA,2.0 vvt-ie flex xei direct shift,2020/2020,95.434 Km,Campinas (SP),R$ 117.900
11,TOYOTA COROLLA,1.8 gli 16v flex 4p automático,2015/2016,149.000 Km,Votuporanga (SP),R$ 78.990
11,TOYOTA COROLLA,2.0 vvt-ie flex xei direct shift,2021/2022,57.000 Km,São Paulo (SP),R$ 124.990
11,TOYOTA COROLLA,2.0 xei 16v flex 4p automático,2018/2019,85.000 Km,Votuporanga (SP),R$ 102.999
11,TOYOTA COROLLA,1.8 vvt-i hybrid flex altis p...,2022/2023,69.000 Km,São Carlos (SP),R$ 149.900
11,TOYOTA COROLLA,2.0 xei 16v flex 4p automático,2010/2011,121.550 Km,Fernandópolis (SP),R$ 69.000
11,TOYOTA COROLLA,2.0 xei 16v flex 4p automático,2014/2015,130.000 Km,São Caetano do Sul (SP),R$ 81.990
11,TOYOTA COROLLA,2.0 vvt-ie flex altis direct ...,2023/2023,49.000 Km,Bragança Paulista (SP),R$ 147.990
11,TOYOTA COROLLA,1.8 vvt-i hybrid flex altis premium cvt,2022/2023,69.000 Km,São Carlos (SP),R$ 149.900
11,TOYOTA COROLLA,1.8 vvt-i hybrid flex altis p...,2021/2022,40.000 Km,São Caetano do Sul (SP),R$ 179.900
11,TOYOTA COROLLA,2.0 xrs 16v flex 4p automático,2013/2013,156.881 Km,São Bernardo do Campo (SP),R$ 74.900
11,TOYOTA COROLLA,2.0 xei 16v flex 4p automático,2018/2019,87.700 Km,São José do Rio Preto (SP),R$ 110.900
11,TOYOTA COROLLA,2.0 vvt-ie flex altis direct shift,2023/2023,49.000 Km,Bragança Paulista (SP),R$ 147.990
11,TOYOTA COROLLA,1.8 gli 16v flex 4p automático,2012/2013,178.000 Km,São Bernardo do Campo (SP),R$ 65.800
11,TOYOTA COROLLA,2.0 xei 16v flex 4p automático,2013/2014,121.564 Km,São João da Boa Vista (SP),R$ 75.000
11,TOYOTA COROLLA,2.0 vvt-ie flex xei direct shift,2022/2023,27.000 Km,São Joaquim da Barra (SP),R$ 132.990
11,TOYOTA COROLLA,,2004/2005,249.000 Km,Presidente Venceslau (SP),R$ 42.800
11,TOYOTA COROLLA,1.8 gli upper 16v flex 4p aut...,2017/2018,148.817 Km,São Bernardo do Campo (SP),R$ 84.900
11,TOYOTA COROLLA,2.0 vvt-ie flex xei direct shift,2023/2023,45.000 Km,São José do Rio Preto (SP),R$ 134.900
11,TOYOTA COROLLA,2.0 vvt-ie flex xei direct shift,2024/2024,14.800 Km,São José do Rio Preto (SP),R$ 155.900
11,TOYOTA COROLLA,2.0 vvt-ie flex xei direct shift,2021/2022,75.000 Km,Atibaia (SP),R$ 119.900
11,TOYOTA COROLLA,1.8 gli 16v flex 4p automático,2018/2018,109.760 Km,São Paulo (SP),R$ 82.890
11,TOYOTA COROLLA,2.0 xei 16v flex 4p automático,2017/2018,109.807 Km,São Paulo (SP),R$ 94.890
11,TOYOTA COROLLA,2.0 vvt-ie flex xei direct shift,2019/2020,98.000 Km,Jundiaí (SP),R$ 114.980
11,TOYOTA COROLLA,2.0 vvt-ie flex xei direct shift,2019/2020,96.602 Km,Marília (SP),R$ 112.990
11,TOYOTA COROLLA,1.8 vvt-i hybrid flex altis cvt,2019/2020,185.375 Km,Campinas (SP),R$ 117.980
11,TOYOTA COROLLA,1.8 gli upper 16v flex 4p aut...,2019/2019,96.800 Km,São Paulo (SP),R$ 84.890
11,TOYOTA COROLLA,2.0 vvt-ie flex gli direct shift,2021/2022,123.000 Km,São Paulo (SP),R$ 106.900
11,TOYOTA COROLLA,1.8 gli upper 16v flex 4p automático,2017/2018,148.817 Km,São Bernardo do Campo (SP),R$ 84.900
11,TOYOTA COROLLA,1.8 vvt-i hybrid flex altis premium cvt,2021/2022,40.000 Km,São Caetano do Sul (SP),R$ 179.900
11,TOYOTA COROLLA,1.8 gli upper 16v flex 4p automático,2019/2019,96.800 Km,São Paulo (SP),R$ 84.890
12,TOYOTA COROLLA,2.0 xei 16v flex 4p automático,2012/2013,187.414 Km,Tupã (SP),R$ 72.800
12,TOYOTA COROLLA,1.8 vvt-i hybrid flex altis p...,2025/2026,0 Km,Valinhos (SP),R$ 279.990
12,TOYOTA COROLLA,1.8 vvt-i hybrid flex altis cvt,2020/2021,51.225 Km,Tupã (SP),R$ 133.800
12,TOYOTA COROLLA,2.0 xrs 16v flex 4p automático,2012/2013,215.773 Km,Santos (SP),R$ 73.990
12,TOYOTA COROLLA,1.8 gli 16v flex 4p automático,2017/2017,90.068 Km,Taubaté (SP),R$ 85.990
12,TOYOTA COROLLA,2.0 xei 16v flex 4p automático,2016/2016,132.668 Km,Franca (SP),R$ 86.900
12,TOYOTA COROLLA,2.0 xei 16v flex 4p automático,2016/2016,100.795 Km,Guarujá (SP),R$ 89.900
12,TOYOTA COROLLA,2.0 xei 16v flex 4p automático,2015/2016,125.000 Km,Jundiaí (SP),R$ 89.900
12,TOYOTA COROLLA,1.8 vvt-i hybrid flex altis p...,2022/2023,69.888 Km,Sumaré (SP),R$ 147.900
12,TOYOTA COROLLA,1.8 gli 16v flex 4p automático,2015/2016,84.000 Km,Promissão (SP),R$ 87.900
12,TOYOTA COROLLA,2.0 xei 16v flex 4p automático,2016/2017,143.000 Km,Campinas (SP),R$ 90.990
12,TOYOTA COROLLA,2.0 vvt-ie flex gr-s direct s...,2023/2023,41.000 Km,Santos (SP),R$ 144.890
12,TOYOTA COROLLA,1.8 xei 16v flex 4p automático,2009/2010,167.857 Km,São Paulo (SP),R$ 62.890
12,TOYOTA COROLLA,1.8 xei 16v flex 4p automático,2008/2009,158.000 Km,São Paulo (SP),R$ 53.900
12,TOYOTA COROLLA,2.0 xei 16v flex 4p automático,2017/2018,110.000 Km,São Paulo (SP),R$ 99.990
12,TOYOTA COROLLA,2.0 vvt-ie flex xei direct shift,2024/2024,13.255 Km,Limeira (SP),R$ 149.990
12,TOYOTA COROLLA,2.0 vvt-ie flex gr-s direct shift,2023/2023,41.000 Km,Santos (SP),R$ 144.890
12,TOYOTA COROLLA,2.0 vvt-ie flex gr-s direct s...,2023/2023,9.000 Km,São Paulo (SP),R$ 149.990
12,TOYOTA COROLLA,2.0 vvt-ie flex xei direct shift,2024/2024,29.942 Km,São Paulo (SP),R$ 149.890
12,TOYOTA COROLLA,2.0 xei 16v flex 4p automático,2017/2018,94.692 Km,Santo André (SP),R$ 102.900
12,TOYOTA COROLLA,2.0 vvt-ie flex gr-s direct shift,2023/2023,9.000 Km,São Paulo (SP),R$ 149.990
12,TOYOTA COROLLA,1.8 gli upper 16v flex 4p aut...,2018/2019,129.000 Km,Araçatuba (SP),R$ 91.900
12,TOYOTA COROLLA,2.0 altis 16v flex 4p automático,2014/2014,141.500 Km,Guarulhos (SP),R$ 77.990
12,TOYOTA COROLLA,2.0 vvt-ie flex xei direct shift,2020/2021,60.000 Km,São Paulo (SP),R$ 119.900
12,TOYOTA COROLLA,2.0 vvt-ie flex xei direct shift,2023/2024,32.000 Km,São Paulo (SP),R$ 193.900
12,TOYOTA COROLLA,2.0 vvt-ie flex xei direct shift,2020/2020,86.830 Km,Igarapava (SP),R$ 122.900
12,TOYOTA COROLLA,2.0 vvt-ie flex xei direct shift,2020/2021,55.000 Km,Guarulhos (SP),R$ 124.900
12,TOYOTA COROLLA,1.8 vvt-i hybrid flex altis p...,2020/2021,87.000 Km,São Paulo (SP),R$ 169.900
12,TOYOTA COROLLA,1.8 vvt-i hybrid flex altis premium cvt,2025/2026,0 Km,Valinhos (SP),R$ 279.990
12,TOYOTA COROLLA,2.0 xei 16v flex 4p automático,2016/2017,137.993 Km,Bady Bassitt (SP),R$ 88.990
12,TOYOTA COROLLA,1.8 gli 16v flex 4p automático,2016/2017,115.000 Km,Guaratinguetá (SP),R$ 82.900
12,TOYOTA COROLLA,2.0 xei 16v flex 4p automático,2018/2019,100.000 Km,Praia Grande (SP),R$ 110.990
12,TOYOTA COROLLA,1.8 vvt-i hybrid flex altis premium cvt,2022/2023,69.888 Km,Sumaré (SP),R$ 147.900
12,TOYOTA COROLLA,1.8 gli upper 16v flex 4p automático,2018/2019,129.000 Km,Araçatuba (SP),R$ 91.900
12,TOYOTA COROLLA,1.8 xei 16v flex 4p automático,2009/2010,300 Km,São José dos Campos (SP),R$ 60.900
12,TOYOTA COROLLA,2.0 vvt-ie flex xei direct shift,2024/2024,24.000 Km,Mogi das Cruzes (SP),R$ 143.716
12,TOYOTA COROLLA,1.8 vvt-i hybrid flex altis premium cvt,2020/2021,87.000 Km,São Paulo (SP),R$ 169.900
12,TOYOTA COROLLA,1.8 gli 16v flex 4p automático,2016/2016,167.430 Km,Presidente Prudente (SP),R$ 79.990
12,TOYOTA COROLLA,1.8 gli 16v flex 4p automático,2015/2016,180.092 Km,Presidente Prudente (SP),R$ 80.900
12,TOYOTA COROLLA,1.8 gli 16v flex 4p automático,2018/2018,79.600 Km,São Bernardo do Campo (SP),R$ 93.990
12,TOYOTA COROLLA,1.8 gli 16v flex 4p automático,2016/2017,150.000 Km,São José do Rio Preto (SP),R$ 87.900
12,TOYOTA COROLLA,2.0 xei 16v flex 4p automático,2018/2019,81.569 Km,São José do Rio Preto (SP),R$ 104.970
12,TOYOTA COROLLA,2.0 xei 16v flex 4p automático,2017/2018,82.500 Km,Ferraz de Vasconcelos (SP),R$ 100.900
12,TOYOTA COROLLA,2.0 xei 16v flex 4p automático,2015/2016,160.000 Km,São José do Rio Preto (SP),R$ 87.900
12,TOYOTA COROLLA,1.8 gli 16v flex 4p automático,2015/2016,121.000 Km,Barueri (SP),R$ 76.900
12,TOYOTA COROLLA,2.0 xei 16v flex 4p automático,2018/2019,116.281 Km,São José do Rio Preto (SP),R$ 106.900
12,TOYOTA COROLLA,2.0 vvt-ie flex xei direct shift,2021/2022,28.900 Km,São Bernardo do Campo (SP),R$ 134.900
12,TOYOTA COROLLA,2.0 xei 16v flex 4p automático,2018/2019,90.207 Km,São Paulo (SP),R$ 99.990
12,TOYOTA COROLLA,2.0 vvt-ie flex xei direct shift,2022/2023,50.893 Km,Sorocaba (SP),R$ 126.990
12,TOYOTA COROLLA,2.0 altis 16v flex 4p automático,2017/2018,145.000 Km,Piracicaba (SP),R$ 95.000
12,TOYOTA COROLLA,2.0 vvt-ie flex xei direct shift,2019/2020,118.564 Km,Araçatuba (SP),R$ 112.700
13,TOYOTA COROLLA,2.0 xei 16v flex 4p automático,2014/2015,100 Km,Bauru (SP),R$ 82.900
13,TOYOTA COROLLA,2.0 xei 16v flex 4p automático,2015/2016,148.000 Km,Jales (SP),R$ 86.000
13,TOYOTA COROLLA,1.8 vvt-i hybrid flex altis p...,2020/2021,97.806 Km,Itu (SP),R$ 135.900
13,TOYOTA COROLLA,1.8 vvt-i hybrid flex altis p...,2020/2021,88.860 Km,Leme (SP),R$ 137.990
13,TOYOTA COROLLA,1.8 gli 16v flex 4p automático,2012/2012,145.000 Km,Araras (SP),R$ 61.890
13,TOYOTA COROLLA,2.0 vvt-ie flex xei direct shift,2020/2021,100 Km,Itapira (SP),R$ 126.990
13,TOYOTA COROLLA,1.8 xei 16v flex 4p automático,2008/2009,155.972 Km,Sumaré (SP),R$ 57.900
13,TOYOTA COROLLA,2.0 vvt-ie flex xei direct shift,2025/2026,0 Km,São Paulo (SP),R$ 177.320
13,TOYOTA COROLLA,2.0 xei 16v flex 4p automático,2018/2019,71.594 Km,Sorocaba (SP),R$ 106.990
13,TOYOTA COROLLA,2.0 vvt-ie flex altis direct ...,2021/2022,78.487 Km,Osasco (SP),R$ 164.000
13,TOYOTA COROLLA,2.0 xei 16v flex 4p automático,2019/2019,65.000 Km,São Paulo (SP),R$ 105.900
13,TOYOTA COROLLA,2.0 xei 16v flex 4p automático,2017/2018,62.000 Km,São Paulo (SP),R$ 115.890
13,TOYOTA COROLLA,2.0 vvt-ie flex xei direct shift,2023/2023,70.452 Km,Marília (SP),R$ 128.900
13,TOYOTA COROLLA,2.0 vvt-ie flex gr-s direct s...,2021/2022,78.000 Km,Cajamar (SP),R$ 134.900
13,TOYOTA COROLLA,2.0 xei 16v flex 4p automático,2017/2018,79.580 Km,São Paulo (SP),R$ 108.990
13,TOYOTA COROLLA,2.0 xei 16v flex 4p automático,2016/2017,188.123 Km,Guarulhos (SP),R$ 87.900
13,TOYOTA COROLLA,2.0 vvt-ie flex xei direct shift,2021/2021,72.657 Km,Itapira (SP),R$ 124.990
13,TOYOTA COROLLA,2.0 xei 16v flex 4p automático,2017/2018,106.900 Km,São Paulo (SP),R$ 115.900
13,TOYOTA COROLLA,1.8 vvt-i hybrid flex altis cvt,2021/2022,79.000 Km,São Paulo (SP),R$ 134.900
13,TOYOTA COROLLA,2.0 vvt-ie flex gr-s direct shift,2021/2022,78.000 Km,Cajamar (SP),R$ 134.900
13,TOYOTA COROLLA,2.0 vvt-ie flex xei direct shift,2023/2023,56.863 Km,Campinas (SP),R$ 136.690
13,TOYOTA COROLLA,2.0 vvt-ie flex altis direct shift,2021/2022,78.487 Km,Osasco (SP),R$ 164.000
13,TOYOTA COROLLA,2.0 vvt-ie flex xei direct shift,2022/2023,47.000 Km,Campinas (SP),R$ 128.900
13,TOYOTA COROLLA,2.0 vvt-ie flex xei direct shift,2021/2021,135.610 Km,Campinas (SP),R$ 119.900
13,TOYOTA COROLLA,2.0 vvt-ie flex xei direct shift,2022/2023,54.000 Km,São Paulo (SP),R$ 159.900
13,TOYOTA COROLLA,1.8 vvt-i hybrid flex altis premium cvt,2020/2021,97.806 Km,Itu (SP),R$ 135.900
13,TOYOTA COROLLA,2.0 xei 16v flex 4p automático,2017/2017,160.163 Km,Taquaritinga (SP),R$ 95.000
13,TOYOTA COROLLA,1.8 vvt-i hybrid flex altis p...,2023/2024,36.748 Km,Araraquara (SP),R$ 174.800
13,TOYOTA COROLLA,1.8 vvt-i hybrid flex altis premium cvt,2020/2021,88.860 Km,Leme (SP),R$ 137.990
13,TOYOTA COROLLA,2.0 vvt-ie flex xei direct shift,2025/2025,12.400 Km,Porto Feliz (SP),R$ 162.900
13,TOYOTA COROLLA,2.0 vvt-ie flex gli direct shift,2020/2020,78.853 Km,Santo André (SP),R$ 117.790
13,TOYOTA COROLLA,2.0 vvt-ie flex xei direct shift,2021/2022,70.218 Km,Porto Ferreira (SP),R$ 124.900
13,TOYOTA COROLLA,1.8 vvt-i hybrid flex altis premium cvt,2023/2024,36.748 Km,Araraquara (SP),R$ 174.800
13,TOYOTA COROLLA,2.0 xei 16v flex 4p automático,2018/2018,55.796 Km,São José do Rio Preto (SP),R$ 105.900
13,TOYOTA COROLLA,2.0 vvt-ie flex xei direct shift,2021/2022,72.500 Km,São José dos Campos (SP),R$ 127.900
13,TOYOTA COROLLA,2.0 xei 16v flex 4p automático,2015/2016,350.000 Km,Valinhos (SP),R$ 80.000
13,TOYOTA COROLLA,2.0 vvt-ie flex gli direct shift,2021/2022,39.603 Km,São Bernardo do Campo (SP),R$ 119.889
13,TOYOTA COROLLA,1.8 vvt-i hybrid flex altis p...,2022/2023,117.900 Km,Bauru (SP),R$ 144.900
13,TOYOTA COROLLA,2.0 vvt-ie flex xei direct shift,2019/2020,117.845 Km,São José do Rio Preto (SP),R$ 117.900
13,TOYOTA COROLLA,2.0 vvt-ie flex gr-s direct s...,2021/2022,105.000 Km,Atibaia (SP),R$ 123.990
13,TOYOTA COROLLA,2.0 vvt-ie flex xei direct shift,2022/2023,53.540 Km,Guarulhos (SP),R$ 127.900
13,TOYOTA COROLLA,2.0 vvt-ie flex altis direct ...,2022/2023,96.430 Km,São Paulo (SP),R$ 139.890
13,TOYOTA COROLLA,2.0 vvt-ie flex gr-s direct shift,2021/2022,105.000 Km,Atibaia (SP),R$ 123.990
13,TOYOTA COROLLA,2.0 vvt-ie flex xei direct shift,2023/2023,121.461 Km,Campinas (SP),R$ 123.900
13,TOYOTA COROLLA,2.0 vvt-ie flex gr-s direct s...,2023/2023,131.923 Km,Campinas (SP),R$ 136.900
13,TOYOTA COROLLA,2.0 vvt-ie flex gr-s direct shift,2023/2023,131.923 Km,Campinas (SP),R$ 136.900
13,TOYOTA COROLLA,2.0 vvt-ie flex altis direct shift,2022/2023,96.430 Km,São Paulo (SP),R$ 139.890
13,TOYOTA COROLLA,1.8 vvt-i hybrid flex altis premium cvt,2022/2023,117.900 Km,Bauru (SP),R$ 144.900
14,TOYOTA COROLLA,2.0 xei 16v flex 4p automático,2018/2019,105.946 Km,Tupã (SP),R$ 108.800
14,TOYOTA COROLLA,2.0 xei 16v flex 4p automático,2017/2018,99.398 Km,Franca (SP),R$ 104.900
14,TOYOTA COROLLA,1.8 vvt-i hybrid flex altis p...,2025/2026,0 Km,São Paulo (SP),R$ 205.900
14,TOYOTA COROLLA,2.0 vvt-ie flex gli direct shift,2023/2023,42.000 Km,Bauru (SP),R$ 122.000
14,TOYOTA COROLLA,2.0 xei 16v flex 4p automático,2016/2017,72.000 Km,São Paulo (SP),R$ 95.890
14,TOYOTA COROLLA,2.0 xei 16v flex 4p automático,2017/2018,106.185 Km,Botucatu (SP),R$ 105.900
14,TOYOTA COROLLA,2.0 xei 16v flex 4p automático,2016/2017,104.580 Km,São Paulo (SP),R$ 93.790
14,TOYOTA COROLLA,2.0 vvt-ie flex xei direct shift,2022/2023,52.000 Km,Birigui (SP),R$ 134.900
14,TOYOTA COROLLA,2.0 xei 16v flex 4p automático,2019/2019,124.704 Km,Campinas (SP),R$ 103.900
14,TOYOTA COROLLA,2.0 xei 16v flex 4p automático,2013/2014,213.000 Km,Indaiatuba (SP),R$ 73.900
14,TOYOTA COROLLA,1.8 gli upper 16v flex 4p aut...,2019/2019,132.548 Km,Campinas (SP),R$ 96.900
14,TOYOTA COROLLA,2.0 vvt-ie flex xei direct shift,2022/2022,64.926 Km,Campinas (SP),R$ 126.900
14,TOYOTA COROLLA,2.0 altis 16v flex 4p automático,2018/2019,149.000 Km,Atibaia (SP),R$ 109.900
14,TOYOTA COROLLA,2.0 vvt-ie flex xei direct shift,2023/2023,75.991 Km,Campinas (SP),R$ 129.900
14,TOYOTA COROLLA,1.8 vvt-i hybrid flex altis p...,2021/2022,52.921 Km,Campinas (SP),R$ 174.900
14,TOYOTA COROLLA,2.0 xei 16v flex 4p automático,2015/2016,148.000 Km,Votuporanga (SP),R$ 89.990
14,TOYOTA COROLLA,2.0 xei 16v flex 4p automático,2017/2018,190.000 Km,Piracicaba (SP),R$ 105.990
14,TOYOTA COROLLA,2.0 vvt-ie flex xei direct shift,2021/2022,58.900 Km,São Paulo (SP),R$ 131.890
14,TOYOTA COROLLA,2.0 vvt-ie flex gr-s direct s...,2022/2023,54.000 Km,Americana (SP),R$ 155.900
14,TOYOTA COROLLA,2.0 vvt-ie flex xei direct shift,2020/2021,61.000 Km,São Paulo (SP),R$ 124.890
14,TOYOTA COROLLA,2.0 vvt-ie flex xei direct shift,2025/2026,26.743 Km,São Paulo (SP),R$ 179.990
14,TOYOTA COROLLA,2.0 vvt-ie flex xei direct shift,2023/2023,50.000 Km,São Carlos (SP),R$ 129.000
14,TOYOTA COROLLA,2.0 vvt-ie flex xei direct shift,2021/2022,121.000 Km,Araçatuba (SP),R$ 126.900
14,TOYOTA COROLLA,2.0 vvt-ie flex gr-s direct shift,2022/2023,54.000 Km,Americana (SP),R$ 155.900
14,TOYOTA COROLLA,1.8 vvt-i hybrid flex altis premium cvt,2025/2026,0 Km,São Paulo (SP),R$ 205.900
14,TOYOTA COROLLA,2.0 vvt-ie flex xei direct shift,2023/2023,41.000 Km,Santo André (SP),R$ 137.780
14,TOYOTA COROLLA,2.0 vvt-ie flex altis direct ...,2023/2023,52.500 Km,Santo André (SP),R$ 159.900
14,TOYOTA COROLLA,2.0 xei 16v flex 4p automático,2018/2019,120.000 Km,Santa Branca (SP),R$ 105.900
14,TOYOTA COROLLA,1.8 gli upper 16v flex 4p automático,2019/2019,132.548 Km,Campinas (SP),R$ 96.900
14,TOYOTA COROLLA,2.0 vvt-ie flex altis direct shift,2023/2023,52.500 Km,Santo André (SP),R$ 159.900
14,TOYOTA COROLLA,2.0 xei 16v flex 4p automático,2014/2015,124.000 Km,Águas de Lindóia (SP),R$ 84.900
14,TOYOTA COROLLA,1.8 vvt-i hybrid flex altis premium cvt,2021/2022,52.921 Km,Campinas (SP),R$ 174.900
14,TOYOTA COROLLA,2.0 vvt-ie flex altis premium...,2025/2025,0 Km,São José do Rio Preto (SP),R$ 189.900
14,TOYOTA COROLLA,2.0 vvt-ie flex altis direct ...,2023/2023,61.000 Km,Lençóis Paulista (SP),R$ 148.890
14,TOYOTA COROLLA,2.0 vvt-ie flex altis direct shift,2023/2023,61.000 Km,Lençóis Paulista (SP),R$ 148.890
14,TOYOTA COROLLA,2.0 vvt-ie flex xei direct shift,2021/2022,70.000 Km,São Caetano do Sul (SP),R$ 144.900
14,TOYOTA COROLLA,2.0 xei 16v flex 4p automático,2019/2019,83.000 Km,São José do Rio Preto (SP),R$ 105.900
14,TOYOTA COROLLA,2.0 vvt-ie flex altis direct ...,2022/2023,73.237 Km,São Bernardo do Campo (SP),R$ 189.880
14,TOYOTA COROLLA,2.0 vvt-ie flex xei direct shift,2021/2022,105.000 Km,São Bernardo do Campo (SP),R$ 125.990
14,TOYOTA COROLLA,2.0 vvt-ie flex altis direct ...,2022/2023,58.600 Km,Sorocaba (SP),R$ 143.950
14,TOYOTA COROLLA,2.0 vvt-ie flex altis direct shift,2022/2023,73.237 Km,São Bernardo do Campo (SP),R$ 189.880
14,TOYOTA COROLLA,2.0 vvt-ie flex xei direct shift,2024/2024,89.773 Km,Campinas (SP),R$ 141.900
14,TOYOTA COROLLA,2.0 vvt-ie flex xei direct shift,2023/2023,96.710 Km,Rio Claro (SP),R$ 122.690
14,TOYOTA COROLLA,2.0 vvt-ie flex altis direct shift,2022/2023,58.600 Km,Sorocaba (SP),R$ 143.950
14,TOYOTA COROLLA,2.0 vvt-ie flex altis premium direct shift,2025/2025,0 Km,São José do Rio Preto (SP),R$ 189.900
15,TOYOTA COROLLA,2.0 xei 16v flex 4p automático,2017/2018,112.000 Km,Franca (SP),R$ 112.900
15,TOYOTA COROLLA,1.8 gli 16v flex 4p automático,2019/2019,158.270 Km,Sorocaba (SP),R$ 87.990
15,TOYOTA COROLLA,2.0 vvt-ie flex xei direct shift,2025/2026,2.100 Km,Itapeva (SP),R$ 179.900
15,TOYOTA COROLLA,1.8 gli 16v flex 4p automático,2017/2017,163.000 Km,Botucatu (SP),R$ 82.900
15,TOYOTA COROLLA,2.0 vvt-ie flex xei direct shift,2022/2023,64.000 Km,Iacanga (SP),R$ 132.900
15,TOYOTA COROLLA,1.8 gli 16v flex 4p automático,2017/2018,19.780 Km,São Paulo (SP),R$ 105.990
15,TOYOTA COROLLA,2.0 vvt-ie flex xei direct shift,2020/2021,70.000 Km,Vinhedo (SP),R$ 123.900
15,TOYOTA COROLLA,1.8 gli 16v flex 4p automático,2015/2016,140.000 Km,Promissão (SP),R$ 86.900
15,TOYOTA COROLLA,2.0 vvt-ie flex xei direct shift,2021/2021,80.940 Km,Campinas (SP),R$ 122.900
15,TOYOTA COROLLA,1.8 gli upper 16v flex 4p aut...,2018/2018,208.509 Km,Campinas (SP),R$ 87.900
15,TOYOTA COROLLA,2.0 xei 16v flex 4p automático,2016/2017,140.000 Km,Indaiatuba (SP),R$ 93.900
15,TOYOTA COROLLA,2.0 vvt-ie flex xei direct shift,2024/2024,48.713 Km,Barretos (SP),R$ 152.900
15,TOYOTA COROLLA,2.0 vvt-ie flex xei direct shift,2022/2022,68.908 Km,Campinas (SP),R$ 131.900
15,TOYOTA COROLLA,2.0 altis 16v flex 4p automático,2015/2015,206.000 Km,Campinas (SP),R$ 82.900
15,TOYOTA COROLLA,1.8 gli upper 16v flex 4p aut...,2019/2019,135.051 Km,Campinas (SP),R$ 93.900
15,TOYOTA COROLLA,2.0 vvt-ie flex xei direct shift,2021/2022,62.841 Km,Guarulhos (SP),R$ 146.900
15,TOYOTA COROLLA,2.0 vvt-ie flex xei direct shift,2021/2022,51.423 Km,São Paulo (SP),R$ 126.900
15,TOYOTA COROLLA,1.8 vvt-i hybrid flex altis p...,2022/2023,51.000 Km,São Paulo (SP),R$ 189.000
15,TOYOTA COROLLA,2.0 vvt-ie flex xei direct shift,2022/2023,54.257 Km,São Paulo (SP),R$ 136.990
15,TOYOTA COROLLA,2.0 vvt-ie flex xei direct shift,2022/2022,106.014 Km,Campinas (SP),R$ 125.900
15,TOYOTA COROLLA,1.8 vvt-i hybrid flex altis p...,2020/2021,44.000 Km,São Paulo (SP),R$ 143.900
15,TOYOTA COROLLA,2.0 vvt-ie flex xei direct shift,2020/2021,238.068 Km,Americana (SP),R$ 125.990
15,TOYOTA COROLLA,2.0 vvt-ie flex xei direct shift,2021/2022,68.761 Km,Santo André (SP),R$ 123.900
15,TOYOTA COROLLA,1.8 gli upper 16v flex 4p automático,2018/2018,208.509 Km,Campinas (SP),R$ 87.900
15,TOYOTA COROLLA,1.8 gli upper 16v flex 4p automático,2019/2019,135.051 Km,Campinas (SP),R$ 93.900
15,TOYOTA COROLLA,2.0 vvt-ie flex xei direct shift,2021/2022,97.118 Km,Fernandópolis (SP),R$ 129.900
15,TOYOTA COROLLA,2.0 vvt-ie flex xei direct shift,2023/2023,50.494 Km,Ribeirão Preto (SP),R$ 129.990
15,TOYOTA COROLLA,2.0 altis 16v flex 4p automático,2014/2015,194 Km,São Caetano do Sul (SP),R$ 82.600
15,TOYOTA COROLLA,2.0 vvt-ie flex xei direct shift,2022/2023,78.319 Km,Mogi das Cruzes (SP),R$ 135.900
15,TOYOTA COROLLA,1.8 vvt-i hybrid flex altis premium cvt,2022/2023,51.000 Km,São Paulo (SP),R$ 189.000
15,TOYOTA COROLLA,1.8 vvt-i hybrid flex altis premium cvt,2020/2021,44.000 Km,São Paulo (SP),R$ 143.900
15,TOYOTA COROLLA,2.0 vvt-ie flex xei direct shift,2022/2023,50.865 Km,Poá (SP),R$ 127.900
15,TOYOTA COROLLA,2.0 vvt-ie flex xei direct shift,2021/2022,63.200 Km,Presidente Epitácio (SP),R$ 129.900
15,TOYOTA COROLLA,2.0 vvt-ie flex xei direct shift,2021/2022,78.000 Km,São José do Rio Preto (SP),R$ 124.900
15,TOYOTA COROLLA,2.0 vvt-ie flex xei direct shift,2025/2025,16.200 Km,São José do Rio Preto (SP),R$ 164.900
15,TOYOTA COROLLA,2.0 vvt-ie flex xei direct shift,2023/2024,48.500 Km,São José do Rio Preto (SP),R$ 147.500
15,TOYOTA COROLLA,2.0 vvt-ie flex xei direct shift,2024/2025,51.891 Km,Barueri (SP),R$ 154.990
15,TOYOTA COROLLA,2.0 vvt-ie flex xei direct shift,2023/2023,102.779 Km,Campinas (SP),R$ 126.900
15,TOYOTA COROLLA,2.0 vvt-ie flex xei direct shift,2022/2023,77.335 Km,São Paulo (SP),R$ 124.790
15,TOYOTA COROLLA,2.0 vvt-ie flex gli direct shift,2024/2024,60.336 Km,São Paulo (SP),R$ 124.600
15,TOYOTA COROLLA,2.0 vvt-ie flex xei direct shift,2024/2024,104.000 Km,Lençóis Paulista (SP),R$ 134.890
15,TOYOTA COROLLA,2.0 vvt-ie flex gli direct shift,2020/2021,107.839 Km,São Bernardo do Campo (SP),R$ 109.800
16,TOYOTA COROLLA,1.8 gli upper 16v flex 4p aut...,2018/2019,80.200 Km,Osasco (SP),R$ 96.900
16,TOYOTA COROLLA,2.0 vvt-ie flex gli direct shift,2024/2024,37.809 Km,Osasco (SP),R$ 130.400
16,TOYOTA COROLLA,1.8 xli 16v flex 4p automático,2009/2010,166.000 Km,Sorocaba (SP),R$ 58.890
16,TOYOTA COROLLA,2.0 vvt-ie flex xei direct shift,2022/2023,64.992 Km,Suzano (SP),R$ 128.900
16,TOYOTA COROLLA,2.0 vvt-ie flex xei direct shift,2022/2023,94.000 Km,Birigui (SP),R$ 130.000
16,TOYOTA COROLLA,2.0 xei 16v flex 4p automático,2015/2016,109.000 Km,São Paulo (SP),R$ 84.900
16,TOYOTA COROLLA,2.0 altis 16v flex 4p automático,2018/2019,197.800 Km,Tarumã (SP),R$ 110.000
16,TOYOTA COROLLA,2.0 xei 16v flex 4p automático,2014/2015,129.000 Km,São Paulo (SP),R$ 82.900
16,TOYOTA COROLLA,2.0 xei 16v flex 4p automático,2019/2019,153.960 Km,Sorocaba (SP),R$ 104.990
16,TOYOTA COROLLA,2.0 vvt-ie flex xei direct shift,2023/2023,26.854 Km,Limeira (SP),R$ 142.390
16,TOYOTA COROLLA,2.0 vvt-ie flex xei direct shift,2025/2025,15.700 Km,Limeira (SP),R$ 164.990
16,TOYOTA COROLLA,2.0 vvt-ie flex xei direct shift,2021/2022,75.000 Km,Vinhedo (SP),R$ 127.900
16,TOYOTA COROLLA,2.0 vvt-ie flex xei direct shift,2023/2023,80.200 Km,Atibaia (SP),R$ 131.890
16,TOYOTA COROLLA,2.0 vvt-ie flex xei direct shift,2022/2023,78.000 Km,Paulínia (SP),R$ 132.990
16,TOYOTA COROLLA,2.0 vvt-ie flex xei direct shift,2022/2023,92.070 Km,Sorocaba (SP),R$ 129.290
16,TOYOTA COROLLA,1.8 vvt-i hybrid flex altis p...,2021/2022,87.536 Km,São Paulo (SP),R$ 139.900
16,TOYOTA COROLLA,1.8 gli upper 16v flex 4p automático,2018/2019,80.200 Km,Osasco (SP),R$ 96.900
16,TOYOTA COROLLA,2.0 vvt-ie flex xei direct shift,2024/2024,39.538 Km,Guarulhos (SP),R$ 148.300
16,TOYOTA COROLLA,2.0 vvt-ie flex xei direct shift,2019/2020,80.000 Km,São Paulo (SP),R$ 125.990
16,TOYOTA COROLLA,2.0 vvt-ie flex xei direct shift,2022/2023,51.950 Km,São Paulo (SP),R$ 131.900
16,TOYOTA COROLLA,2.0 vvt-ie flex xei direct shift,2022/2023,88.000 Km,São Paulo (SP),R$ 129.000
16,TOYOTA COROLLA,1.8 vvt-i hybrid flex altis p...,2024/2024,31.710 Km,Piracicaba (SP),R$ 169.990
16,TOYOTA COROLLA,1.8 vvt-i hybrid flex altis p...,2021/2022,93.319 Km,Cosmópolis (SP),R$ 145.000
16,TOYOTA COROLLA,2.0 vvt-ie flex gr-s direct s...,2024/2024,33.000 Km,Votuporanga (SP),R$ 162.999
16,TOYOTA COROLLA,1.8 vvt-i hybrid flex altis cvt,2020/2021,120.000 Km,Nova Odessa (SP),R$ 129.000
16,TOYOTA COROLLA,2.0 vvt-ie flex xei direct shift,2020/2021,61.060 Km,Santo André (SP),R$ 126.990
16,TOYOTA COROLLA,2.0 vvt-ie flex gr-s direct shift,2024/2024,33.000 Km,Votuporanga (SP),R$ 162.999
16,TOYOTA COROLLA,2.0 vvt-ie flex xei direct shift,2022/2023,55.133 Km,Mogi das Cruzes (SP),R$ 137.690
16,TOYOTA COROLLA,1.8 vvt-i hybrid flex altis premium cvt,2021/2022,87.536 Km,São Paulo (SP),R$ 139.900
16,TOYOTA COROLLA,1.8 vvt-i hybrid flex altis premium cvt,2024/2024,31.710 Km,Piracicaba (SP),R$ 169.990
16,TOYOTA COROLLA,2.0 xei 16v flex 4p automático,2018/2019,115.000 Km,São Caetano do Sul (SP),R$ 114.900
16,TOYOTA COROLLA,1.8 vvt-i hybrid flex altis premium cvt,2021/2022,93.319 Km,Cosmópolis (SP),R$ 145.000
16,TOYOTA COROLLA,2.0 vvt-ie flex xei direct shift,2021/2022,32.085 Km,São José dos Campos (SP),R$ 129.990
16,TOYOTA COROLLA,2.0 xei 16v flex 4p automático,2014/2015,120.000 Km,Santa Bárbara D'Oeste (SP),R$ 89.900
16,TOYOTA COROLLA,2.0 vvt-ie flex xei direct shift,2020/2021,79.000 Km,São José do Rio Preto (SP),R$ 119.900
16,TOYOTA COROLLA,,2004/2004,175.000 Km,Santa Bárbara D'Oeste (SP),R$ 41.900
16,TOYOTA COROLLA,2.0 vvt-ie flex xei direct shift,2022/2023,60.668 Km,Taubaté (SP),R$ 125.990
16,TOYOTA COROLLA,2.0 vvt-ie flex xei direct shift,2023/2023,50.000 Km,Sorocaba (SP),R$ 124.900
16,TOYOTA COROLLA,1.8 vvt-i hybrid flex altis p...,2024/2024,62.000 Km,Santo André (SP),R$ 164.900
16,TOYOTA COROLLA,2.0 vvt-ie flex gr-s direct s...,2023/2024,94.000 Km,Porto Feliz (SP),R$ 159.900
16,TOYOTA COROLLA,2.0 vvt-ie flex gr-s direct shift,2023/2024,94.000 Km,Porto Feliz (SP),R$ 159.900
16,TOYOTA COROLLA,1.8 vvt-i hybrid flex altis premium cvt,2024/2024,62.000 Km,Santo André (SP),R$ 164.900
17,TOYOTA COROLLA,2.0 vvt-ie flex gli direct shift,2022/2023,60.614 Km,Mauá (SP),R$ 125.900
17,TOYOTA COROLLA,1.8 gli 16v flex 4p automático,2017/2017,102.000 Km,Osasco (SP),R$ 85.890
17,TOYOTA COROLLA,1.8 vvt-i hybrid flex altis p...,2025/2026,0 Km,São Paulo (SP),R$ 190.999
17,TOYOTA COROLLA,2.0 vvt-ie flex xei direct shift,2019/2020,72.601 Km,Bauru (SP),R$ 119.800
17,TOYOTA COROLLA,1.8 gli upper 16v flex 4p aut...,2017/2018,106.000 Km,Franca (SP),R$ 89.000
17,TOYOTA COROLLA,1.8 gli 16v flex 4p automático,2016/2017,58.000 Km,Guarulhos (SP),R$ 81.900
17,TOYOTA COROLLA,2.0 xrs 16v flex 4p automático,2018/2019,86.200 Km,Campinas (SP),R$ 102.900
17,TOYOTA COROLLA,1.8 se-g 16v flex 4p automático,2008/2009,177.000 Km,Vinhedo (SP),R$ 56.900
17,TOYOTA COROLLA,1.8 gli 16v flex 4p automático,2015/2016,40.000 Km,São Paulo (SP),R$ 91.400
17,TOYOTA COROLLA,2.0 vvt-ie flex xei direct shift,2021/2022,73.809 Km,Sorocaba (SP),R$ 126.900
17,TOYOTA COROLLA,2.0 vvt-ie flex gli direct shift,2024/2024,37.400 Km,Botucatu (SP),R$ 129.900
17,TOYOTA COROLLA,1.8 vvt-i hybrid flex altis p...,2022/2023,59.000 Km,Sorocaba (SP),R$ 146.400
17,TOYOTA COROLLA,2.0 xei 16v flex 4p automático,2016/2017,83.000 Km,Santo André (SP),R$ 89.900
17,TOYOTA COROLLA,2.0 xei 16v flex 4p automático,2015/2016,80.400 Km,Santo André (SP),R$ 92.900
17,TOYOTA COROLLA,2.0 vvt-ie flex gli direct shift,2021/2022,52.000 Km,Campinas (SP),R$ 115.900
17,TOYOTA COROLLA,2.0 vvt-ie flex altis direct ...,2023/2023,76.660 Km,São Paulo (SP),R$ 147.990
17,TOYOTA COROLLA,2.0 vvt-ie flex xei direct shift,2022/2023,78.000 Km,São Paulo (SP),R$ 129.900
17,TOYOTA COROLLA,2.0 xei 16v flex 4p automático,2015/2016,188.000 Km,Porto Feliz (SP),R$ 87.900
17,TOYOTA COROLLA,2.0 vvt-ie flex xei direct shift,2021/2022,73.000 Km,São Paulo (SP),R$ 125.990
17,TOYOTA COROLLA,2.0 vvt-ie flex gr-s direct s...,2022/2023,59.000 Km,Guarulhos (SP),R$ 138.900
17,TOYOTA COROLLA,2.0 vvt-ie flex altis direct ...,2022/2023,23.000 Km,São Paulo (SP),R$ 194.800
17,TOYOTA COROLLA,2.0 vvt-ie flex xei direct shift,2020/2021,80.000 Km,Guarulhos (SP),R$ 139.999
17,TOYOTA COROLLA,1.8 gli upper 16v flex 4p automático,2017/2018,106.000 Km,Franca (SP),R$ 89.000
17,TOYOTA COROLLA,2.0 vvt-ie flex xei direct shift,2021/2022,96.631 Km,Mogi Guaçu (SP),R$ 124.990
17,TOYOTA COROLLA,2.0 vvt-ie flex gr-s direct shift,2022/2023,59.000 Km,Guarulhos (SP),R$ 138.900
17,TOYOTA COROLLA,2.0 vvt-ie flex altis direct shift,2023/2023,76.660 Km,São Paulo (SP),R$ 147.990
17,TOYOTA COROLLA,2.0 vvt-ie flex altis direct shift,2022/2023,23.000 Km,São Paulo (SP),R$ 194.800
17,TOYOTA COROLLA,1.8 vvt-i hybrid flex altis premium cvt,2025/2026,0 Km,São Paulo (SP),R$ 190.999
17,TOYOTA COROLLA,1.8 xli 16v flex 4p automático,2010/2011,195.000 Km,Ribeirão Preto (SP),R$ 57.900
17,TOYOTA COROLLA,1.8 vvt-i hybrid flex altis premium cvt,2022/2023,59.000 Km,Sorocaba (SP),R$ 146.400
17,TOYOTA COROLLA,2.0 xei 16v flex 4p automático,2017/2018,89.000 Km,São Caetano do Sul (SP),R$ 99.800
17,TOYOTA COROLLA,2.0 vvt-ie flex xei direct shift,2021/2022,43.000 Km,Mogi das Cruzes (SP),R$ 122.900
17,TOYOTA COROLLA,2.0 vvt-ie flex xei direct shift,2023/2023,43.525 Km,Bragança Paulista (SP),R$ 138.690
17,TOYOTA COROLLA,2.0 vvt-ie flex xei direct shift,2020/2020,91.000 Km,São José dos Campos (SP),R$ 125.000
17,TOYOTA COROLLA,,2000/2001,271.000 Km,São José do Rio Preto (SP),R$ 27.700
17,TOYOTA COROLLA,2.0 xei 16v flex 4p automático,2013/2014,133.000 Km,São José do Rio Preto (SP),R$ 75.700
17,TOYOTA COROLLA,1.8 gli 16v flex 4p automático,2014/2015,148.000 Km,São José do Rio Preto (SP),R$ 79.700
17,TOYOTA COROLLA,1.8 gli 16v flex 4p automático,2015/2016,146.500 Km,Campinas (SP),R$ 76.900
17,TOYOTA COROLLA,2.0 vvt-ie flex xei direct shift,2022/2023,23.550 Km,São José do Rio Preto (SP),R$ 136.800
17,TOYOTA COROLLA,2.0 xei 16v flex 4p automático,2010/2011,100.000 Km,Guarulhos (SP),R$ 57.999
17,TOYOTA COROLLA,2.0 xei 16v flex 4p automático,2019/2019,153.861 Km,São Paulo (SP),R$ 87.590
17,TOYOTA COROLLA,1.8 gli 16v flex 4p automático,2016/2017,149.750 Km,São Paulo (SP),R$ 71.990
17,TOYOTA COROLLA,2.0 vvt-ie flex xei direct shift,2021/2022,40.798 Km,São Paulo (SP),R$ 120.900
17,TOYOTA COROLLA,2.0 vvt-ie flex xei direct shift,2021/2022,47.107 Km,Guarulhos (SP),R$ 119.900
17,TOYOTA COROLLA,2.0 vvt-ie flex xei direct shift,2023/2024,27.840 Km,São Paulo (SP),R$ 137.800
17,TOYOTA COROLLA,2.0 altis 16v flex 4p automático,2016/2017,109.900 Km,São Paulo (SP),R$ 91.490
17,TOYOTA COROLLA,2.0 vvt-ie flex gr-s direct s...,2023/2023,62.000 Km,Indaiatuba (SP),R$ 134.000
17,TOYOTA COROLLA,2.0 vvt-ie flex gr-s direct shift,2023/2023,62.000 Km,Indaiatuba (SP),R$ 134.000
17,TOYOTA COROLLA,2.0 vvt-ie flex xei direct shift,2023/2024,49.905 Km,Santo André (SP),R$ 137.900
17,TOYOTA COROLLA,1.8 xei 16v flex 4p automático,2009/2010,169.000 Km,Ribeirão Preto (SP),R$ 53.900
18,TOYOTA COROLLA,1.8 gli 16v flex 4p manual,2011/2012,155.018 Km,Diadema (SP),R$ 59.900
18,TOYOTA COROLLA,1.8 xei 16v flex 4p manual,2008/2008,226.152 Km,Campinas (SP),R$ 46.900
18,TOYOTA COROLLA,1.8 vvt-i hybrid flex altis p...,2024/2024,15.440 Km,Leme (SP),R$ 174.490
18,TOYOTA COROLLA,2.0 xei 16v flex 4p automático,2013/2014,139.740 Km,Franca (SP),R$ 70.900
18,TOYOTA COROLLA,1.8 gli 16v flex 4p automático,2013/2014,70.000 Km,Campinas (SP),R$ 68.990
18,TOYOTA COROLLA,2.0 vvt-ie flex gli direct shift,2021/2021,59.000 Km,Bauru (SP),R$ 112.900
18,TOYOTA COROLLA,1.8 gli 16v flex 4p automático,2009/2010,137.000 Km,Paulínia (SP),R$ 54.900
18,TOYOTA COROLLA,,2004/2005,218.000 Km,Campinas (SP),R$ 36.980
18,TOYOTA COROLLA,1.8 gli 16v flex 4p automático,2016/2017,135.000 Km,São Paulo (SP),R$ 83.990
18,TOYOTA COROLLA,1.8 gli 16v flex 4p automático,2009/2010,178.000 Km,São Paulo (SP),R$ 53.900
18,TOYOTA COROLLA,1.8 se-g 16v flex 4p automático,2009/2009,181.051 Km,Campinas (SP),R$ 58.900
18,TOYOTA COROLLA,2.0 xei 16v flex 4p automático,2014/2015,115.884 Km,São Paulo (SP),R$ 84.890
18,TOYOTA COROLLA,2.0 vvt-ie flex xei direct shift,2022/2023,25.000 Km,Jundiaí (SP),R$ 137.800
18,TOYOTA COROLLA,2.0 xei 16v flex 4p automático,2019/2019,43.145 Km,São Carlos (SP),R$ 107.900
18,TOYOTA COROLLA,1.8 gli 16v flex 4p automático,2017/2018,86.000 Km,Votuporanga (SP),R$ 86.900
18,TOYOTA COROLLA,2.0 xrs 16v flex 4p automático,2013/2014,138.000 Km,Carapicuíba (SP),R$ 70.900
18,TOYOTA COROLLA,2.0 vvt-ie flex xei direct shift,2021/2022,20.000 Km,São Paulo (SP),R$ 154.900
18,TOYOTA COROLLA,2.0 vvt-ie flex xei direct shift,2023/2024,18.800 Km,São Paulo (SP),R$ 199.990
18,TOYOTA COROLLA,2.0 vvt-ie flex altis direct ...,2020/2021,60.000 Km,Guarulhos (SP),R$ 139.900
18,TOYOTA COROLLA,1.8 vvt-i hybrid flex altis premium cvt,2024/2024,15.440 Km,Leme (SP),R$ 174.490
18,TOYOTA COROLLA,2.0 vvt-ie flex altis direct shift,2020/2021,60.000 Km,Guarulhos (SP),R$ 139.900
18,TOYOTA COROLLA,1.8 vvt-i hybrid flex altis p...,2023/2023,59.301 Km,Hortolândia (SP),R$ 154.990
18,TOYOTA COROLLA,2.0 xei 16v flex 4p automático,2012/2013,108.000 Km,Ribeirão Pires (SP),R$ 74.990
18,TOYOTA COROLLA,2.0 xei 16v flex 4p automático,2015/2016,79.483 Km,São Bernardo do Campo (SP),R$ 89.889
18,TOYOTA COROLLA,1.8 vvt-i hybrid flex altis premium cvt,2023/2023,59.301 Km,Hortolândia (SP),R$ 154.990
18,TOYOTA COROLLA,,2004/2004,190.000 Km,São Bernardo do Campo (SP),R$ 37.990
18,TOYOTA COROLLA,2.0 vvt-ie flex xei direct shift,2022/2023,23.650 Km,São José do Rio Preto (SP),R$ 136.790
18,TOYOTA COROLLA,1.8 gli 16v flex 4p automático,2016/2017,99.000 Km,São Paulo (SP),R$ 79.990
18,TOYOTA COROLLA,2.0 vvt-ie flex xei direct shift,2020/2021,44.000 Km,São José do Rio Preto (SP),R$ 123.900
18,TOYOTA COROLLA,1.8 vvt-i hybrid flex altis p...,2023/2024,42.400 Km,Santos (SP),R$ 164.990
18,TOYOTA COROLLA,,2001/2001,245.000 Km,São Bernardo do Campo (SP),R$ 31.900
18,TOYOTA COROLLA,2.0 xei 16v flex 4p automático,2012/2013,130.000 Km,São Paulo (SP),R$ 62.700
18,TOYOTA COROLLA,2.0 xrs 16v flex 4p automático,2013/2014,189.789 Km,São Paulo (SP),R$ 65.700
18,TOYOTA COROLLA,1.8 gli 16v flex 4p automático,2015/2016,117.741 Km,São Paulo (SP),R$ 76.990
18,TOYOTA COROLLA,1.8 gli 16v flex 4p automático,2017/2017,217.148 Km,Americana (SP),R$ 79.990
18,TOYOTA COROLLA,1.8 vvt-i hybrid flex altis cvt,2023/2023,72.376 Km,São Paulo (SP),R$ 136.900
18,TOYOTA COROLLA,2.0 xei 16v flex 4p automático,2018/2019,116.120 Km,São Carlos (SP),R$ 99.900
18,TOYOTA COROLLA,2.0 vvt-ie flex gli direct shift,2020/2021,70.000 Km,São Paulo (SP),R$ 104.890
18,TOYOTA COROLLA,2.0 vvt-ie flex gli direct shift,2019/2020,74.000 Km,São Paulo (SP),R$ 106.900
18,TOYOTA COROLLA,1.8 vvt-i hybrid flex altis p...,2020/2020,252.997 Km,Campinas (SP),R$ 120.900
18,TOYOTA COROLLA,2.0 vvt-ie flex xei direct shift,2021/2022,52.743 Km,São Paulo (SP),R$ 115.650
18,TOYOTA COROLLA,1.8 vvt-i hybrid flex altis cvt,2019/2020,177.745 Km,Araçatuba (SP),R$ 112.700
18,TOYOTA COROLLA,2.0 vvt-ie flex altis direct ...,2021/2022,42.333 Km,São Paulo (SP),R$ 134.890
18,TOYOTA COROLLA,,2005/2006,190.000 Km,Santo André (SP),R$ 36.900
18,TOYOTA COROLLA,2.0 vvt-ie flex altis direct shift,2021/2022,42.333 Km,São Paulo (SP),R$ 134.890
18,TOYOTA COROLLA,1.8 vvt-i hybrid flex altis premium cvt,2023/2024,42.400 Km,Santos (SP),R$ 164.990
18,TOYOTA COROLLA,2.0 xei 16v flex 4p automático,2011/2012,200.000 Km,São Caetano do Sul (SP),R$ 58.900
18,TOYOTA COROLLA,1.8 vvt-i hybrid flex altis premium cvt,2020/2020,252.997 Km,Campinas (SP),R$ 120.900
18,TOYOTA COROLLA,1.8 gli 16v flex 4p automático,2011/2012,153.914 Km,Presidente Prudente (SP),R$ 57.990
18,TOYOTA COROLLA,2.0 xei 16v flex 4p automático,2013/2014,89.892 Km,São Bernardo do Campo (SP),R$ 63.880
18,TOYOTA COROLLA,2.0 vvt-ie flex gli direct shift,2023/2023,42.183 Km,São Paulo (SP),R$ 107.799
19,TOYOTA COROLLA,2.0 xei 16v flex 4p automático,2014/2014,127.426 Km,Tupã (SP),R$ 76.800
19,TOYOTA COROLLA,2.0 xei 16v flex 4p automático,2018/2018,100 Km,Itapira (SP),R$ 104.990
19,TOYOTA COROLLA,2.0 vvt-ie flex gr-s direct s...,2024/2024,7.072 Km,Tupã (SP),R$ 169.800
19,TOYOTA COROLLA,2.0 xei 16v flex 4p automático,2016/2016,108.000 Km,Avaré (SP),R$ 89.900
19,TOYOTA COROLLA,2.0 vvt-ie flex gr-s direct shift,2024/2024,7.072 Km,Tupã (SP),R$ 169.800
19,TOYOTA COROLLA,2.0 xei 16v flex 4p automático,2012/2013,168.000 Km,Sumaré (SP),R$ 69.900
19,TOYOTA COROLLA,2.0 xei 16v flex 4p automático,2016/2017,93.644 Km,Campinas (SP),R$ 91.890
19,TOYOTA COROLLA,2.0 vvt-ie flex xei direct shift,2022/2023,82.091 Km,Bauru (SP),R$ 128.800
19,TOYOTA COROLLA,,2006/2007,260.000 Km,Vinhedo (SP),R$ 41.900
19,TOYOTA COROLLA,2.0 vvt-ie flex xei direct shift,2025/2025,0 Km,Mogi Guaçu (SP),R$ 168.000
19,TOYOTA COROLLA,1.8 vvt-i hybrid flex altis cvt,2022/2023,56.879 Km,Osasco (SP),R$ 179.900
19,TOYOTA COROLLA,1.8 xei 16v flex 4p automático,2009/2009,185.470 Km,Limeira (SP),R$ 57.990
19,TOYOTA COROLLA,1.8 xli 16v flex 4p automático,2009/2010,135.000 Km,São Paulo (SP),R$ 58.900
19,TOYOTA COROLLA,1.8 gli 16v flex 4p automático,2017/2018,139.292 Km,São Carlos (SP),R$ 87.900
19,TOYOTA COROLLA,1.8 gli 16v flex 4p automático,2015/2016,145.000 Km,São Carlos (SP),R$ 81.900
19,TOYOTA COROLLA,2.0 vvt-ie flex gr-s direct s...,2025/2025,2.399 Km,São Paulo (SP),R$ 179.990
19,TOYOTA COROLLA,1.8 gli 16v flex 4p automático,2016/2017,117.000 Km,Votuporanga (SP),R$ 82.999
19,TOYOTA COROLLA,2.0 vvt-ie flex gli direct shift,2024/2024,14.604 Km,São Paulo (SP),R$ 135.000
19,TOYOTA COROLLA,1.8 vvt-i hybrid flex altis p...,2020/2021,72.918 Km,São Paulo (SP),R$ 129.890
19,TOYOTA COROLLA,2.0 vvt-ie flex xei direct shift,2023/2023,33.167 Km,São Paulo (SP),R$ 170.000
19,TOYOTA COROLLA,2.0 vvt-ie flex gr-s direct shift,2025/2025,2.399 Km,São Paulo (SP),R$ 179.990
19,TOYOTA COROLLA,1.8 vvt-i hybrid flex altis p...,2023/2023,63.000 Km,São Paulo (SP),R$ 152.900
19,TOYOTA COROLLA,2.0 vvt-ie flex xei direct shift,2026/2026,0 Km,Ribeirão Preto (SP),R$ 177.010
19,TOYOTA COROLLA,2.0 vvt-ie flex xei direct shift,2022/2023,73.000 Km,Araçatuba (SP),R$ 129.900
19,TOYOTA COROLLA,2.0 vvt-ie flex xei direct shift,2023/2023,34.000 Km,São Carlos (SP),R$ 132.900
19,TOYOTA COROLLA,2.0 vvt-ie flex xei direct shift,2020/2021,72.755 Km,Araraquara (SP),R$ 133.900
19,TOYOTA COROLLA,1.8 xei 16v flex 4p automático,2009/2009,194.000 Km,Fernandópolis (SP),R$ 58.000
19,TOYOTA COROLLA,1.8 gli 16v flex 4p automático,2016/2017,100 Km,São Caetano do Sul (SP),R$ 81.990
19,TOYOTA COROLLA,1.8 xei 16v flex 4p automático,2009/2009,100 Km,Presidente Venceslau (SP),R$ 59.500
19,TOYOTA COROLLA,1.8 vvt-i hybrid flex altis premium cvt,2020/2021,72.918 Km,São Paulo (SP),R$ 129.890
19,TOYOTA COROLLA,1.8 vvt-i hybrid flex altis premium cvt,2023/2023,63.000 Km,São Paulo (SP),R$ 152.900
19,TOYOTA COROLLA,1.8 vvt-i hybrid flex altis p...,2019/2020,83.000 Km,Bragança Paulista (SP),R$ 125.000
19,TOYOTA COROLLA,2.0 vvt-ie flex xei direct shift,2022/2023,47.848 Km,São Caetano do Sul (SP),R$ 128.900
19,TOYOTA COROLLA,2.0 xei 16v flex 4p automático,2017/2018,37.813 Km,São Bernardo do Campo (SP),R$ 116.899
19,TOYOTA COROLLA,1.8 gli 16v flex 4p automático,2017/2018,116.000 Km,São José do Rio Preto (SP),R$ 89.900
19,TOYOTA COROLLA,1.8 gli upper 16v flex 4p aut...,2019/2019,73.000 Km,São José do Rio Preto (SP),R$ 95.800
19,TOYOTA COROLLA,1.8 vvt-i hybrid flex altis p...,2024/2024,19.283 Km,São Bernardo do Campo (SP),R$ 175.889
19,TOYOTA COROLLA,2.0 vvt-ie flex gli direct shift,2020/2021,55.000 Km,São José do Rio Preto (SP),R$ 115.900
19,TOYOTA COROLLA,2.0 vvt-ie flex xei direct shift,2023/2023,35.200 Km,São José do Rio Preto (SP),R$ 132.500
19,TOYOTA COROLLA,2.0 vvt-ie flex gr-s direct s...,2021/2022,51.500 Km,São José do Rio Preto (SP),R$ 137.900
19,TOYOTA COROLLA,2.0 xei 16v flex 4p automático,2012/2013,162.000 Km,São Paulo (SP),R$ 64.990
19,TOYOTA COROLLA,1.8 vvt-i hybrid flex altis cvt,2019/2020,100.000 Km,Guarujá (SP),R$ 119.900
19,TOYOTA COROLLA,2.0 xei 16v flex 4p automático,2010/2011,309.000 Km,São Paulo (SP),R$ 52.990
19,TOYOTA COROLLA,2.0 vvt-ie flex gr-s direct shift,2021/2022,51.500 Km,São José do Rio Preto (SP),R$ 137.900
19,TOYOTA COROLLA,1.8 vvt-i hybrid flex altis cvt,2021/2022,74.155 Km,São Paulo (SP),R$ 129.980
19,TOYOTA COROLLA,2.0 vvt-ie flex xei direct shift,2022/2023,65.000 Km,Campinas (SP),R$ 126.990
19,TOYOTA COROLLA,1.8 gli upper 16v flex 4p automático,2019/2019,73.000 Km,São José do Rio Preto (SP),R$ 95.800
19,TOYOTA COROLLA,1.8 vvt-i hybrid flex altis premium cvt,2019/2020,83.000 Km,Bragança Paulista (SP),R$ 125.000
19,TOYOTA COROLLA,2.0 vvt-ie flex gli direct shift,2020/2021,114.523 Km,Campinas (SP),R$ 104.990
19,TOYOTA COROLLA,2.0 vvt-ie flex gr-s direct s...,2021/2022,104.237 Km,Campinas (SP),R$ 124.990
19,TOYOTA COROLLA,2.0 vvt-ie flex xei direct shift,2021/2022,83.320 Km,São Paulo (SP),R$ 117.990
19,TOYOTA COROLLA,2.0 vvt-ie flex gli direct shift,2021/2022,84.000 Km,São Paulo (SP),R$ 109.900
19,TOYOTA COROLLA,2.0 vvt-ie flex gr-s direct shift,2021/2022,104.237 Km,Campinas (SP),R$ 124.990
19,TOYOTA COROLLA,1.8 vvt-i hybrid flex altis premium cvt,2024/2024,19.283 Km,São Bernardo do Campo (SP),R$ 175.889
19,TOYOTA COROLLA,2.0 vvt-ie flex xei direct shift,2021/2022,79.110 Km,São Bernardo do Campo (SP),R$ 117.889
20,TOYOTA COROLLA,2.0 xrs 16v flex 4p automático,2017/2018,74.000 Km,Cotia (SP),R$ 103.000
20,TOYOTA COROLLA,2.0 xei 16v flex 4p automático,2015/2016,69.000 Km,Sorocaba (SP),R$ 92.000
20,TOYOTA COROLLA,2.0 vvt-ie flex altis direct ...,2020/2020,135.000 Km,Jales (SP),R$ 126.900
20,TOYOTA COROLLA,2.0 xei 16v flex 4p automático,2017/2018,89.897 Km,São Paulo (SP),R$ 99.900
20,TOYOTA COROLLA,1.8 gli 16v flex 4p automático,2015/2016,95.000 Km,São Paulo (SP),R$ 78.000
20,TOYOTA COROLLA,1.8 gli 16v flex 4p automático,2012/2013,140.000 Km,São Paulo (SP),R$ 43.900
20,TOYOTA COROLLA,1.8 xei 16v flex 4p automático,2008/2009,175.000 Km,São Paulo (SP),R$ 53.500
20,TOYOTA COROLLA,1.8 xei 16v flex 4p automático,2008/2009,129.342 Km,São Paulo (SP),R$ 54.900
20,TOYOTA COROLLA,2.0 xei 16v flex 4p automático,2013/2014,108.000 Km,São Paulo (SP),R$ 71.900
20,TOYOTA COROLLA,2.0 vvt-ie flex xei direct shift,2023/2023,65.806 Km,Campinas (SP),R$ 135.790
20,TOYOTA COROLLA,2.0 vvt-ie flex altis direct shift,2020/2020,135.000 Km,Jales (SP),R$ 126.900
20,TOYOTA COROLLA,N/A,2005/2005,95.000 Km,São Paulo (SP),R$ 50.000
20,TOYOTA COROLLA,2.0 vvt-ie flex xei direct shift,2024/2024,24.000 Km,Sorocaba (SP),R$ 143.500
20,TOYOTA COROLLA,2.0 vvt-ie flex xei direct shift,2025/2025,4.550 Km,São Paulo (SP),R$ 164.000
20,TOYOTA COROLLA,1.8 vvt-i hybrid flex altis cvt,2020/2020,59.000 Km,São Paulo (SP),R$ 125.200
20,TOYOTA COROLLA,2.0 xei 16v flex 4p automático,2018/2019,65.500 Km,São Carlos (SP),R$ 106.000
20,TOYOTA COROLLA,1.8 vvt-i hybrid flex altis p...,2021/2022,47.000 Km,São Paulo (SP),R$ 184.990
20,TOYOTA COROLLA,2.0 altis 16v flex 4p automático,2014/2015,138.974 Km,São Paulo (SP),R$ 82.500
20,TOYOTA COROLLA,2.0 vvt-ie flex xei direct shift,2022/2023,19.000 Km,São Paulo (SP),R$ 133.000
20,TOYOTA COROLLA,2.0 vvt-ie flex xei direct shift,2024/2024,17.615 Km,São Paulo (SP),R$ 146.500
20,TOYOTA COROLLA,2.0 altis 16v flex 4p automático,2012/2012,157.000 Km,Araraquara (SP),R$ 66.500
20,TOYOTA COROLLA,1.8 vvt-i hybrid flex altis p...,2020/2021,89.998 Km,Mogi das Cruzes (SP),R$ 129.990
20,TOYOTA COROLLA,1.8 vvt-i hybrid flex altis premium cvt,2021/2022,47.000 Km,São Paulo (SP),R$ 184.990
20,TOYOTA COROLLA,1.8 xei 16v flex 4p automático,2008/2009,214.000 Km,São José dos Campos (SP),R$ 57.200
20,TOYOTA COROLLA,1.8 gli 16v flex 4p automático,2014/2015,98.000 Km,Suzano (SP),R$ 75.500
20,TOYOTA COROLLA,1.8 gli 16v flex 4p automático,2010/2011,125.250 Km,Santos (SP),R$ 49.900
20,TOYOTA COROLLA,1.8 gli 16v flex 4p automático,2018/2018,101.840 Km,Osasco (SP),R$ 79.000
20,TOYOTA COROLLA,1.8 xei 16v flex 4p automático,2008/2009,219.037 Km,Suzano (SP),R$ 51.000
20,TOYOTA COROLLA,2.0 xei 16v flex 4p automático,2012/2013,148.000 Km,Diadema (SP),R$ 65.000
20,TOYOTA COROLLA,2.0 vvt-ie flex xei direct shift,2021/2022,50.000 Km,Osasco (SP),R$ 110.000
20,TOYOTA COROLLA,1.8 gli 16v flex 4p automático,2018/2018,92.032 Km,Guarulhos (SP),R$ 84.000
20,TOYOTA COROLLA,1.8 gli 16v flex 4p automático,2016/2017,91.000 Km,São Paulo (SP),R$ 80.000
20,TOYOTA COROLLA,2.0 xei 16v flex 4p automático,2012/2013,125.000 Km,São Paulo (SP),R$ 65.200
20,TOYOTA COROLLA,2.0 xei 16v flex 4p automático,2018/2019,109.200 Km,São Paulo (SP),R$ 98.500
20,TOYOTA COROLLA,1.8 vvt-i hybrid flex altis premium cvt,2020/2021,89.998 Km,Mogi das Cruzes (SP),R$ 129.990
20,TOYOTA COROLLA,1.8 gli 16v flex 4p automático,2015/2016,124.000 Km,São Paulo (SP),R$ 74.500
20,TOYOTA COROLLA,1.8 gli upper 16v flex 4p aut...,2015/2016,120.000 Km,Limeira (SP),R$ 77.900
20,TOYOTA COROLLA,2.0 xei 16v flex 4p automático,2016/2016,110.000 Km,São Paulo (SP),R$ 83.900
20,TOYOTA COROLLA,2.0 xei 16v flex 4p automático,2015/2016,150.000 Km,São Paulo (SP),R$ 80.000
20,TOYOTA COROLLA,1.8 gli upper 16v flex 4p aut...,2017/2017,118.000 Km,Campinas (SP),R$ 80.500
20,TOYOTA COROLLA,1.8 gli 16v flex 4p automático,2015/2016,150.000 Km,Indaiatuba (SP),R$ 76.990
20,TOYOTA COROLLA,2.0 vvt-ie flex xei direct shift,2023/2024,75.000 Km,São Paulo (SP),R$ 133.900
20,TOYOTA COROLLA,N/A,2001/2002,250.000 Km,São Paulo (SP),R$ 26.900
20,TOYOTA COROLLA,2.0 vvt-ie flex gr-s direct s...,2023/2024,65.000 Km,Indaiatuba (SP),R$ 157.000
20,TOYOTA COROLLA,2.0 vvt-ie flex gr-s direct s...,2023/2024,74.300 Km,Indaiatuba (SP),R$ 142.500
20,TOYOTA COROLLA,2.0 vvt-ie flex gr-s direct shift,2023/2024,65.000 Km,Indaiatuba (SP),R$ 157.000
20,TOYOTA COROLLA,2.0 vvt-ie flex xei direct shift,2023/2023,122.324 Km,Araraquara (SP),R$ 115.000
20,TOYOTA COROLLA,1.8 gli upper 16v flex 4p automático,2015/2016,120.000 Km,Limeira (SP),R$ 77.900
20,TOYOTA COROLLA,2.0 vvt-ie flex gr-s direct shift,2023/2024,74.300 Km,Indaiatuba (SP),R$ 142.500
20,TOYOTA COROLLA,1.8 gli upper 16v flex 4p automático,2017/2017,118.000 Km,Campinas (SP),R$ 80.500
20,TOYOTA COROLLA,2.0 vvt-ie flex xei direct shift,2020/2021,43.000 Km,Taboão da Serra (SP),R$ 118.900
20,TOYOTA COROLLA,2.0 xei 16v flex 4p automático,2014/2014,134.000 Km,São Caetano do Sul (SP),R$ 65.500
20,TOYOTA COROLLA,1.8 gli 16v flex 4p automático,2016/2017,76.000 Km,São Bernardo do Campo (SP),R$ 79.990
20,TOYOTA COROLLA,1.8 gli 16v flex 4p automático,2019/2019,86.000 Km,São José do Rio Preto (SP),R$ 85.000